_id,"name,symbol"
6935ba6ebb409f53d35d5356,"UAE Dirham,د.إ"
6935ba6ebb409f53d35d5357,"Afghani,؋"
6935ba6ebb409f53d35d5358,"Lek,L"
6935ba6ebb409f53d35d5359,"Armenian Dram,դր."
6935ba6ebb409f53d35d535a,"Netherlands Antillean Guilder,ƒ"
6935ba6ebb409f53d35d535b,"Kwanza,Kz"
6935ba6ebb409f53d35d535c,"Argentine Peso,$"
6935ba6ebb409f53d35d535d,"Australian Dollar,$"
6935ba6ebb409f53d35d535e,"Aruban Florin,ƒ"
6935ba6ebb409f53d35d535f,"Azerbaijanian Manat,₼"
6935ba6ebb409f53d35d5360,"Convertible Mark,КМ"
6935ba6ebb409f53d35d5361,"Barbados Dollar,$"
6935ba6ebb409f53d35d5362,"Taka,৳"
6935ba6ebb409f53d35d5363,"Bulgarian Lev,лв"
6935ba6ebb409f53d35d5364,"Bahraini Dinar,ب.د"
6935ba6ebb409f53d35d5365,"Burundi Franc,Fr"
6935ba6ebb409f53d35d5366,"Bermudian Dollar,$"
6935ba6ebb409f53d35d5367,"Brunei Dollar,$"
6935ba6ebb409f53d35d5368,"Boliviano,Bs."
6935ba6ebb409f53d35d5369,"Mvdol,Bs."
6935ba6ebb409f53d35d536a,"Brazilian Real,R$"
6935ba6ebb409f53d35d536b,"Bahamian Dollar,$"
6935ba6ebb409f53d35d536c,"Ngultrum,Nu."
6935ba6ebb409f53d35d536d,"Pula,P"
6935ba6ebb409f53d35d536e,"Belarussian Ruble,Br"
6935ba6ebb409f53d35d536f,"Belize Dollar,$"
6935ba6ebb409f53d35d5370,"Canadian Dollar,$"
6935ba6ebb409f53d35d5371,"Congolese Franc,Fr"
6935ba6ebb409f53d35d5372,"Swiss Franc,CHF"
6935ba6ebb409f53d35d5373,"Unidades de fomento,UF"
6935ba6ebb409f53d35d5374,"Chilean Peso,$"
6935ba6ebb409f53d35d5375,"Yuan Renminbi,¥"
6935ba6ebb409f53d35d5376,"Colombian Peso,$"
6935ba6ebb409f53d35d5377,"Costa Rican Colon,₡"
6935ba6ebb409f53d35d5378,"Peso Convertible,$"
6935ba6ebb409f53d35d5379,"Cuban Peso,$"
6935ba6ebb409f53d35d537a,"Cape Verde Escudo,$"
6935ba6ebb409f53d35d537b,"Czech Koruna,Kč"
6935ba6ebb409f53d35d537c,"Djibouti Franc,Fdj"
6935ba6ebb409f53d35d537d,"Danish Krone,kr"
6935ba6ebb409f53d35d537e,"Dominican Peso,$"
6935ba6ebb409f53d35d537f,"Algerian Dinar,د.ج"
6935ba6ebb409f53d35d5380,"Egyptian Pound,ج.م"
6935ba6ebb409f53d35d5381,"Nakfa,Nfk"
6935ba6ebb409f53d35d5382,"Ethiopian Birr,Br"
6935ba6ebb409f53d35d5383,"Euro,€"
6935ba6ebb409f53d35d5384,"Fiji Dollar,$"
6935ba6ebb409f53d35d5385,"Falkland Islands Pound,£"
6935ba6ebb409f53d35d5386,"Pound Sterling,£"
6935ba6ebb409f53d35d5387,"Lari,ლ"
6935ba6ebb409f53d35d5388,"Ghana Cedi,₵"
6935ba6ebb409f53d35d5389,"Gibraltar Pound,£"
6935ba6ebb409f53d35d538a,"Dalasi,D"
6935ba6ebb409f53d35d538b,"Guinea Franc,Fr"
6935ba6ebb409f53d35d538c,"Quetzal,Q"
6935ba6ebb409f53d35d538d,"Guyana Dollar,$"
6935ba6ebb409f53d35d538e,"Hong Kong Dollar,$"
6935ba6ebb409f53d35d538f,"Lempira,L"
6935ba6ebb409f53d35d5390,"Croatian Kuna,kn"
6935ba6ebb409f53d35d5391,"Gourde,G"
6935ba6ebb409f53d35d5392,"Forint,Ft"
6935ba6ebb409f53d35d5393,"Rupiah,Rp"
6935ba6ebb409f53d35d5394,"New Israeli Sheqel,₪"
6935ba6ebb409f53d35d5395,"Indian Rupee,₹"
6935ba6ebb409f53d35d5396,"Iraqi Dinar,ع.د"
6935ba6ebb409f53d35d5397,"Iranian Rial,﷼"
6935ba6ebb409f53d35d5398,"Iceland Krona,kr"
6935ba6ebb409f53d35d5399,"Jamaican Dollar,$"
6935ba6ebb409f53d35d539a,"Jordanian Dinar,د.ا"
6935ba6ebb409f53d35d539b,"Yen,¥"
6935ba6ebb409f53d35d539c,"Kenyan Shilling,KSh"
6935ba6ebb409f53d35d539d,"Som,som"
6935ba6ebb409f53d35d539e,"Riel,៛"
6935ba6ebb409f53d35d539f,"Comoro Franc,Fr"
6935ba6ebb409f53d35d53a0,"North Korean Won,₩"
6935ba6ebb409f53d35d53a1,"Won,₩"
6935ba6ebb409f53d35d53a2,"Kuwaiti Dinar,د.ك"
6935ba6ebb409f53d35d53a3,"Cayman Islands Dollar,$"
6935ba6ebb409f53d35d53a4,"Tenge,〒"
6935ba6ebb409f53d35d53a5,"Kip,₭"
6935ba6ebb409f53d35d53a6,"Lebanese Pound,ل.ل"
6935ba6ebb409f53d35d53a7,"Sri Lanka Rupee,₨"
6935ba6ebb409f53d35d53a8,"Liberian Dollar,$"
6935ba6ebb409f53d35d53a9,"Loti,L"
6935ba6ebb409f53d35d53aa,"Lithuanian Litas,Lt"
6935ba6ebb409f53d35d53ab,"Latvian Lats,Ls"
6935ba6ebb409f53d35d53ac,"Libyan Dinar,ل.د"
6935ba6ebb409f53d35d53ad,"Moroccan Dirham,د.م."
6935ba6ebb409f53d35d53ae,"Moldovan Leu,L"
6935ba6ebb409f53d35d53af,"Malagasy Ariary,Ar"
6935ba6ebb409f53d35d53b0,"Denar,ден"
6935ba6ebb409f53d35d53b1,"Kyat,K"
6935ba6ebb409f53d35d53b2,"Tugrik,₮"
6935ba6ebb409f53d35d53b3,"Pataca,P"
6935ba6ebb409f53d35d53b4,"Ouguiya,UM"
6935ba6ebb409f53d35d53b5,"Mauritius Rupee,₨"
6935ba6ebb409f53d35d53b6,"Rufiyaa,MVR"
6935ba6ebb409f53d35d53b7,"Kwacha,MK"
6935ba6ebb409f53d35d53b8,"Mexican Peso,$"
6935ba6ebb409f53d35d53b9,"Malaysian Ringgit,RM"
6935ba6ebb409f53d35d53ba,"Mozambique Metical,MTn"
6935ba6ebb409f53d35d53bb,"Namibia Dollar,$"
6935ba6ebb409f53d35d53bc,"Naira,₦"
6935ba6ebb409f53d35d53bd,"Cordoba Oro,C$"
6935ba6ebb409f53d35d53be,"Norwegian Krone,kr"
6935ba6ebb409f53d35d53bf,"Nepalese Rupee,₨"
6935ba6ebb409f53d35d53c0,"New Zealand Dollar,$"
6935ba6ebb409f53d35d53c1,"Rial Omani,ر.ع."
6935ba6ebb409f53d35d53c2,"Balboa,B/."
6935ba6ebb409f53d35d53c3,"Sol,S/"
6935ba6ebb409f53d35d53c4,"Kina,K"
6935ba6ebb409f53d35d53c5,"Philippine Peso,₱"
6935ba6ebb409f53d35d53c6,"Pakistan Rupee,₨"
6935ba6ebb409f53d35d53c7,"Zloty,zł"
6935ba6ebb409f53d35d53c8,"Guarani,₲"
6935ba6ebb409f53d35d53c9,"Qatari Rial,ر.ق"
6935ba6ebb409f53d35d53ca,"New Romanian Leu,Lei"
6935ba6ebb409f53d35d53cb,"Serbian Dinar,РСД"
6935ba6ebb409f53d35d53cc,"Russian Ruble,₽"
6935ba6ebb409f53d35d53cd,"Rwanda Franc,FRw"
6935ba6ebb409f53d35d53ce,"Saudi Riyal,ر.س"
6935ba6ebb409f53d35d53cf,"Solomon Islands Dollar,$"
6935ba6ebb409f53d35d53d0,"Seychelles Rupee,₨"
6935ba6ebb409f53d35d53d1,"Sudanese Pound,£"
6935ba6ebb409f53d35d53d2,"Swedish Krona,kr"
6935ba6ebb409f53d35d53d3,"Singapore Dollar,$"
6935ba6ebb409f53d35d53d4,"Saint Helena Pound,£"
6935ba6ebb409f53d35d53d5,"Leone,Le"
6935ba6ebb409f53d35d53d6,"Somali Shilling,Sh"
6935ba6ebb409f53d35d53d7,"Surinam Dollar,$"
6935ba6ebb409f53d35d53d8,"South Sudanese Pound,£"
6935ba6ebb409f53d35d53d9,"Dobra,Db"
6935ba6ebb409f53d35d53da,"El Salvador Colon,₡"
6935ba6ebb409f53d35d53db,"Syrian Pound,£S"
6935ba6ebb409f53d35d53dc,"Lilangeni,E"
6935ba6ebb409f53d35d53dd,"Baht,฿"
6935ba6ebb409f53d35d53de,"Somoni,ЅМ"
6935ba6ebb409f53d35d53df,"Turkmenistan New Manat,T"
6935ba6ebb409f53d35d53e0,"Tunisian Dinar,د.ت"
6935ba6ebb409f53d35d53e1,"Pa’anga,T$"
6935ba6ebb409f53d35d53e2,"Turkish Lira,₺"
6935ba6ebb409f53d35d53e3,"Trinidad and Tobago Dollar,$"
6935ba6ebb409f53d35d53e4,"New Taiwan Dollar,$"
6935ba6ebb409f53d35d53e5,"Tanzanian Shilling,Sh"
6935ba6ebb409f53d35d53e6,"Hryvnia,₴"
6935ba6ebb409f53d35d53e7,"Uganda Shilling,USh"
6935ba6ebb409f53d35d53e8,"US Dollar,$"
6935ba6ebb409f53d35d53e9,"Peso Uruguayo,$"
6935ba6ebb409f53d35d53ea,"Uzbekistan Sum,лв"
6935ba6ebb409f53d35d53eb,"Bolivar,Bs F"
6935ba6ebb409f53d35d53ec,"Dong,₫"
6935ba6ebb409f53d35d53ed,"Vatu,Vt"
6935ba6ebb409f53d35d53ee,"Tala,T"
6935ba6ebb409f53d35d53ef,"CFA Franc BEAC,Fr"
6935ba6ebb409f53d35d53f0,"East Caribbean Dollar,$"
6935ba6ebb409f53d35d53f1,"CFA Franc BCEAO,Fr"
6935ba6ebb409f53d35d53f2,"CFP Franc,Fr"
6935ba6ebb409f53d35d53f3,"Yemeni Rial,﷼"
6935ba6ebb409f53d35d53f4,"Rand,R"
6935ba6ebb409f53d35d53f5,"Zambian Kwacha,ZK"
6935ba6ebb409f53d35d53f6,"Zimbabwe Dollar,$"
