_id,Institution,GoogleMaps
6930a7d8f59660bdbf649ac7,Instituto Politécnico da Lusofonia - Escola Superior de Saúde Ribeiro Sanches,http://maps.google.pt/maps?z=20&t=k&q=loc:38.74674+-9.100184
6930a7d8f59660bdbf649ac8,Universidade Católica Portuguesa - Faculdade de Ciências Económicas e Empresariais,NaN
6930a7d8f59660bdbf649ac9,Universidade de Aveiro,http://maps.google.pt/maps?z=20&t=k&q=loc:40.63118+-8.657394
6930a7d8f59660bdbf649aca,Universidade de Coimbra - Faculdade de Direito,http://maps.google.pt/maps?z=20&t=k&q=loc:40.20785+-8.425645
6930a7d8f59660bdbf649acb,Universidade de Lisboa - Instituto Superior de Ciências Sociais e Políticas,http://maps.google.pt/maps?z=20&t=k&q=loc:38.71306+-9.198223
6930a7d8f59660bdbf649acc,Universidade do Minho,http://maps.google.pt/maps?z=20&t=k&q=loc:41.33284+-8.253481
6930a7d8f59660bdbf649acd,Instituto Politécnico de Castelo Branco - Escola Superior de Gestão de Idanha-a-Nova,http://maps.google.pt/maps?z=20&t=k&q=loc:39.9225+-7.242491
6930a7d8f59660bdbf649ace,Instituto Politécnico de Leiria - Escola Superior de Tecnologia e Gestão,http://maps.google.pt/maps?z=20&t=k&q=loc:39.73444+-8.821389
6930a7d8f59660bdbf649acf,"Instituto Politécnico de Portalegre - Escola Superior de Tecnologia, Gestão e Design",http://maps.google.pt/maps?z=20&t=k&q=loc:39.26868+-7.4425
6930a7d8f59660bdbf649ad0,Universidade do Algarve - Faculdade de Ciências e Tecnologia,http://maps.google.pt/maps?z=20&t=k&q=loc:37.04408+-7.972222
6930a7d8f59660bdbf649ad1,Universidade de Évora - Escola de Ciências e Tecnologia,http://maps.google.pt/maps?z=20&t=k&q=loc:38.56832+-7.910306
6930a7d8f59660bdbf649ad2,Universidade de Trás-os-Montes e Alto Douro - Escola de Ciências Agrárias e Veterinárias,http://maps.google.pt/maps?z=20&t=k&q=loc:41.28739+-7.738986
6930a7d8f59660bdbf649ad3,Instituto Politécnico de Beja - Escola Superior Agrária,http://maps.google.pt/maps?z=20&t=k&q=loc:38.01277+-7.872949
6930a7d8f59660bdbf649ad4,Instituto Politécnico de Castelo Branco - Escola Superior Agrária de Castelo Branco,http://maps.google.pt/maps?z=20&t=k&q=loc:39.82086+-7.46249
6930a7d8f59660bdbf649ad5,Instituto Politécnico de Coimbra - Escola Superior Agrária de Coimbra,http://maps.google.pt/maps?z=20&t=k&q=loc:40.21421+-8.450982
6930a7d8f59660bdbf649ad6,Instituto Politécnico de Portalegre - Escola Superior de Biociências de Elvas,http://maps.google.pt/maps?z=20&t=k&q=loc:38.8809+-7.167167
6930a7d8f59660bdbf649ad7,Instituto Politécnico de Santarém - Escola Superior Agrária de Santarém,http://maps.google.pt/maps?z=20&t=k&q=loc:39.24965+-8.697347
6930a7d8f59660bdbf649ad8,Instituto Politécnico de Viana do Castelo - Escola Superior Agrária,http://maps.google.pt/maps?z=20&t=k&q=loc:41.79271+-8.54231
6930a7d8f59660bdbf649ad9,Universidade Europeia,http://maps.google.pt/maps?z=20&t=k&q=loc:38.77668+-9.193758
6930a7d8f59660bdbf649ada,Instituto Politécnico de Viana do Castelo - Escola Superior de Desporto e Lazer,http://maps.google.pt/maps?z=20&t=k&q=loc:42.11456+-8.257095
6930a7d8f59660bdbf649adb,Instituto Politécnico de Bragança - Escola Superior de Educação de Bragança,http://maps.google.pt/maps?z=20&t=k&q=loc:41.7977+-6.7672
6930a7d8f59660bdbf649adc,Universidade de Trás-os-Montes e Alto Douro - Escola de Ciências Humanas e Sociais,http://maps.google.pt/maps?z=20&t=k&q=loc:41.28739+-7.738986
6930a7d8f59660bdbf649add,"Instituto Politécnico da Guarda - Escola Superior de Educação, Comunicação e Desporto",http://maps.google.pt/maps?z=20&t=k&q=loc:40.54139+-7.28329
6930a7d8f59660bdbf649ade,Instituto Politécnico de Lisboa - Escola Superior de Educação,http://maps.google.pt/maps?z=20&t=k&q=loc:38.74616+-9.195106
6930a7d8f59660bdbf649adf,Instituto Politécnico de Setúbal - Escola Superior de Educação,http://maps.google.pt/maps?z=20&t=k&q=loc:38.51978+-8.838278
6930a7d8f59660bdbf649ae0,ISCE - Instituto Superior de Lisboa e Vale do Tejo,http://maps.google.pt/maps?z=20&t=k&q=loc:38.8064+-9.191853
6930a7d8f59660bdbf649ae1,Instituto Politécnico de Coimbra - Escola Superior de Educação de Coimbra,http://maps.google.pt/maps?z=20&t=k&q=loc:40.20522+-8.405957
6930a7d8f59660bdbf649ae2,Instituto Politécnico de Leiria - Escola Superior de Turismo e Tecnologia do Mar,http://maps.google.pt/maps?z=20&t=k&q=loc:39.36472+-9.403056
6930a7d8f59660bdbf649ae3,ISCTE - Instituto Universitário de Lisboa,http://maps.google.pt/maps?z=20&t=k&q=loc:38.74875+-9.153692
6930a7d8f59660bdbf649ae4,Universidade de Coimbra - Faculdade de Ciências e Tecnologia,http://maps.google.pt/maps?z=20&t=k&q=loc:40.18623+-8.412266
6930a7d8f59660bdbf649ae5,Universidade Nova de Lisboa - Faculdade de Ciências Sociais e Humanas,http://maps.google.pt/maps?z=20&t=k&q=loc:38.74025+-9.151129
6930a7d8f59660bdbf649ae6,Universidade de Coimbra - Faculdade de Letras,http://maps.google.pt/maps?z=20&t=k&q=loc:40.20647+-8.428684
6930a7d8f59660bdbf649ae7,Universidade de Lisboa - Faculdade de Letras,http://maps.google.pt/maps?z=20&t=k&q=loc:38.75359+-9.157651
6930a7d8f59660bdbf649ae8,Universidade do Porto - Faculdade de Letras,http://maps.google.pt/maps?z=20&t=k&q=loc:41.15155+-8.63262
6930a7d8f59660bdbf649ae9,Universidade da Beira Interior,http://maps.google.pt/maps?z=20&t=k&q=loc:40.27736+-7.508574
6930a7d8f59660bdbf649aea,Universidade de Évora - Escola de Artes,http://maps.google.pt/maps?z=20&t=k&q=loc:38.56902+-7.911873
6930a7d8f59660bdbf649aeb,Universidade de Lisboa - Faculdade de Arquitetura,http://maps.google.pt/maps?z=20&t=k&q=loc:38.71291+-9.193281
6930a7d8f59660bdbf649aec,Universidade de Lisboa - Instituto Superior Técnico,http://maps.google.pt/maps?z=20&t=k&q=loc:38.73688+-9.13691
6930a7d8f59660bdbf649aed,Universidade do Porto - Faculdade de Arquitetura,http://maps.google.pt/maps?z=20&t=k&q=loc:41.14992+-8.63601
6930a7d8f59660bdbf649aee,Escola Superior Artística do Porto,NaN
6930a7d8f59660bdbf649aef,Instituto Superior Manuel Teixeira Gomes,http://maps.google.pt/maps?z=20&t=k&q=loc:37.14078+-8.535942
6930a7d8f59660bdbf649af0,Universidade Autónoma de Lisboa Luís de Camões,http://maps.google.pt/maps?z=20&t=k&q=loc:38.72433+-9.14589
6930a7d8f59660bdbf649af1,Universidade Fernando Pessoa,http://maps.google.pt/maps?z=20&t=k&q=loc:41.17292+-8.611185
6930a7d8f59660bdbf649af2,Universidade Lusíada - Centro Universitário Lusíada - Lisboa,http://maps.google.pt/maps?z=20&t=k&q=loc:38.69799+-9.192036
6930a7d8f59660bdbf649af3,Universidade Lusíada - Centro Universitário Lusíada - Norte - Porto,http://maps.google.pt/maps?z=20&t=k&q=loc:41.1687+-8.661802
6930a7d8f59660bdbf649af4,Universidade Lusíada - Centro Universitário Lusíada - Norte - Vila Nova de Famalicão,http://maps.google.pt/maps?z=20&t=k&q=loc:41.41021+-8.522896
6930a7d8f59660bdbf649af5,Universidade de Lisboa - Instituto Superior de Agronomia,http://maps.google.pt/maps?z=20&t=k&q=loc:38.70623+-9.182634
6930a7d8f59660bdbf649af6,Universidade do Porto - Faculdade de Ciências,http://maps.google.pt/maps?z=20&t=k&q=loc:41.15242+-8.637816
6930a7d8f59660bdbf649af7,Universidade Portucalense Infante D. Henrique,http://maps.google.pt/maps?z=20&t=k&q=loc:41.18032+-8.605047
6930a7d8f59660bdbf649af8,Universidade Católica Portuguesa - Escola das Artes,NaN
6930a7d8f59660bdbf649af9,Universidade de Lisboa - Faculdade de Belas-Artes,http://maps.google.pt/maps?z=20&t=k&q=loc:38.70903+-9.156942
6930a7d8f59660bdbf649afa,Universidade da Maia,http://maps.google.pt/maps?z=20&t=k&q=loc:41.26779+-8.617047
6930a7d8f59660bdbf649afb,Instituto Politécnico de Viana do Castelo - Escola Superior de Educação,http://maps.google.pt/maps?z=20&t=k&q=loc:41.70303+-8.820739
6930a7d8f59660bdbf649afc,Escola Superior de Artes e Design,http://maps.google.pt/maps?z=20&t=k&q=loc:41.18464+-8.662266
6930a7d8f59660bdbf649afd,Instituto Politécnico de Viseu - Escola Superior de Educação de Viseu,http://maps.google.pt/maps?z=20&t=k&q=loc:40.66005+-7.913927
6930a7d8f59660bdbf649afe,Universidade do Porto - Faculdade de Belas-Artes,http://maps.google.pt/maps?z=20&t=k&q=loc:41.14566+-8.600771
6930a7d8f59660bdbf649aff,Instituto Politécnico de Leiria - Escola Superior de Artes e Design,http://maps.google.pt/maps?z=20&t=k&q=loc:39.39528+-9.135278
6930a7d8f59660bdbf649b00,Universidade do Algarve - Faculdade de Ciências Humanas e Sociais,http://maps.google.pt/maps?z=20&t=k&q=loc:37.04408+-7.972222
6930a7d8f59660bdbf649b01,Universidade da Madeira - Faculdade de Artes e Humanidades,http://maps.google.pt/maps?z=20&t=k&q=loc:32.65928+-16.9251
6930a7d8f59660bdbf649b02,Instituto Politécnico do Porto - Escola Superior de Educação,http://maps.google.pt/maps?z=20&t=k&q=loc:41.1799+-8.598137
6930a7d8f59660bdbf649b03,Instituto Politécnico de Coimbra - Instituto Superior de Contabilidade e Administração de Coimbra,http://maps.google.pt/maps?z=20&t=k&q=loc:42.12346+-8.27082
6930a7d8f59660bdbf649b04,Instituto Politécnico do Porto - Instituto Superior de Contabilidade e Administração do Porto,http://maps.google.pt/maps?z=20&t=k&q=loc:41.18986+-8.598206
6930a7d8f59660bdbf649b05,Instituto Politécnico de Santarém - Escola Superior de Desporto de Rio Maior,http://maps.google.pt/maps?z=20&t=k&q=loc:39.345+-8.933
6930a7d8f59660bdbf649b06,Instituto Superior de Ciências Educativas do Douro,http://maps.google.pt/maps?z=20&t=k&q=loc:41.12039+-8.172403
6930a7d8f59660bdbf649b07,Instituto Politécnico de Coimbra - Escola Superior de Tecnologia da Saúde de Coimbra,http://maps.google.pt/maps?z=20&t=k&q=loc:40.19915+-8.461344
6930a7d8f59660bdbf649b08,Instituto Politécnico do Porto - Escola Superior de Saúde,http://maps.google.pt/maps?z=20&t=k&q=loc:41.17779+-8.60693
6930a7d8f59660bdbf649b09,Instituto Politécnico de Beja - Escola Superior de Educação,http://maps.google.pt/maps?z=20&t=k&q=loc:38.01385+-7.874671
6930a7d8f59660bdbf649b0a,Instituto Politécnico de Lisboa - Escola Superior de Comunicação Social,http://maps.google.pt/maps?z=20&t=k&q=loc:38.74665+-9.19476
6930a7d8f59660bdbf649b0b,Instituto Politécnico da Lusofonia - Escola Superior de Engenharia e Tecnologias,http://maps.google.pt/maps?z=20&t=k&q=loc:38.74674+-9.100184
6930a7d8f59660bdbf649b0c,"Universidade de Aveiro - Escola Superior de Design, Gestão e Tecnologia da Produção de Aveiro-Norte",http://maps.google.pt/maps?z=20&t=k&q=loc:40.86214+-8.476327
6930a7d8f59660bdbf649b0d,Universidade do Porto - Faculdade de Engenharia,http://maps.google.pt/maps?z=20&t=k&q=loc:41.1781+-8.598157
6930a7d8f59660bdbf649b0e,Universidade de Trás-os-Montes e Alto Douro - Escola de Ciências da Vida e do Ambiente,http://maps.google.pt/maps?z=20&t=k&q=loc:41.28739+-7.738986
6930a7d8f59660bdbf649b0f,Instituto Politécnico de Coimbra - Instituto Superior de Engenharia de Coimbra,http://maps.google.pt/maps?z=20&t=k&q=loc:40.1929+-8.412338
6930a7d8f59660bdbf649b10,Universidade Católica Portuguesa - Escola Superior de Biotecnologia,http://maps.google.pt/maps?z=20&t=k&q=loc:41.15398+-8.673013
6930a7d8f59660bdbf649b11,Instituto Politécnico de Setúbal - Escola Superior de Tecnologia do Barreiro,http://maps.google.pt/maps?z=20&t=k&q=loc:38.65239+-9.04896
6930a7d8f59660bdbf649b12,Universidade dos Açores - Faculdade de Ciências e Tecnologia,http://maps.google.pt/maps?z=20&t=k&q=loc:37.74605+-25.66378
6930a7d8f59660bdbf649b13,Universidade de Lisboa - Faculdade de Ciências,http://maps.google.pt/maps?z=20&t=k&q=loc:38.75676+-9.155387
6930a7d8f59660bdbf649b14,Universidade da Madeira - Faculdade de Ciências da Vida,http://maps.google.pt/maps?z=20&t=k&q=loc:32.65928+-16.9251
6930a7d8f59660bdbf649b15,"ISPA - Instituto Universitário de Ciências Psicológicas, Sociais e da Vida",http://maps.google.pt/maps?z=20&t=k&q=loc:38.71216+-9.125942
6930a7d8f59660bdbf649b16,Instituto Politécnico de Bragança - Escola Superior Agrária de Bragança,http://maps.google.pt/maps?z=20&t=k&q=loc:41.79774+-6.767192
6930a7d8f59660bdbf649b17,Universidade Nova de Lisboa - Faculdade de Ciências e Tecnologia,http://maps.google.pt/maps?z=20&t=k&q=loc:38.66165+-9.206682
6930a7d8f59660bdbf649b18,Universidade de Coimbra - Faculdade de Ciências e Tecnologia (Campus Figueira da Foz),http://maps.google.pt/maps?z=20&t=k&q=loc:40.1528+-8.858626
6930a7d8f59660bdbf649b19,Universidade da Madeira - Faculdade de Ciências Exatas e da Engenharia,http://maps.google.pt/maps?z=20&t=k&q=loc:32.65928+-16.9251
6930a7d8f59660bdbf649b1a,Instituto Politécnico do Porto - Instituto Superior de Engenharia do Porto,http://maps.google.pt/maps?z=20&t=k&q=loc:41.17834+-8.606863
6930a7d8f59660bdbf649b1b,Instituto Politécnico de Viseu - Escola Superior Agrária de Viseu,http://maps.google.pt/maps?z=20&t=k&q=loc:40.64135+-7.910146
6930a7d8f59660bdbf649b1c,Instituto Politécnico da Guarda - Escola Superior de Saúde da Guarda,http://maps.google.pt/maps?z=20&t=k&q=loc:40.52968+-7.276771
6930a7d8f59660bdbf649b1d,Escola Superior de Saúde da Cruz Vermelha Portuguesa - Lisboa,http://maps.google.pt/maps?z=20&t=k&q=loc:38.71442+-9.176041
6930a7d8f59660bdbf649b1e,Universidade de Trás-os-Montes e Alto Douro - Escola de Ciências e Tecnologia,http://maps.google.pt/maps?z=20&t=k&q=loc:41.28739+-7.738986
6930a7d8f59660bdbf649b1f,Universidade Nova de Lisboa - Instituto Superior de Estatística e Gestão de Informação,http://maps.google.pt/maps?z=20&t=k&q=loc:38.73236+-9.160044
6930a7d8f59660bdbf649b20,Universidade Católica Portuguesa - Faculdade de Filosofia e Ciências Sociais,NaN
6930a7d8f59660bdbf649b21,Instituto Politécnico da Guarda - Escola Superior de Tecnologia e Gestão,http://maps.google.pt/maps?z=20&t=k&q=loc:40.54139+-7.28329
6930a7d8f59660bdbf649b22,Universidade Católica Portuguesa - Instituto de Estudos Políticos,NaN
6930a7d8f59660bdbf649b23,ISEC Lisboa - Instituto Superior de Educação e Ciências,http://maps.google.pt/maps?z=20&t=k&q=loc:38.76894+-9.15895
6930a7d8f59660bdbf649b24,Universidade dos Açores - Faculdade de Ciências Agrárias e do Ambiente,http://maps.google.pt/maps?z=20&t=k&q=loc:38.6585+-27.234
6930a7d8f59660bdbf649b25,Universidade de Coimbra - Faculdade de Farmácia,http://maps.google.pt/maps?z=20&t=k&q=loc:40.21968+-8.418132
6930a7d8f59660bdbf649b26,Universidade do Algarve - Faculdade de Medicina e Ciências Biomédicas,http://maps.google.pt/maps?z=20&t=k&q=loc:37.04408+-7.972222
6930a7d8f59660bdbf649b27,Instituto Universitário de Ciências da Saúde - CESPU,http://maps.google.pt/maps?z=20&t=k&q=loc:41.18351+-8.445928
6930a7d8f59660bdbf649b28,Instituto Universitário Egas Moniz,http://maps.google.pt/maps?z=20&t=k&q=loc:38.6669+-9.200091
6930a7d8f59660bdbf649b29,Universidade Católica Portuguesa - Faculdade de Medicina Dentária,http://maps.google.pt/maps?z=20&t=k&q=loc:40.6537+-7.9062
6930a7d8f59660bdbf649b2a,Instituto Politécnico de Bragança - Escola Superior de Saúde de Bragança,http://maps.google.pt/maps?z=20&t=k&q=loc:41.80336+-6.76559
6930a7d8f59660bdbf649b2b,Instituto Politécnico de Castelo Branco - Escola Superior de Saúde Dr. Lopes Dias,http://maps.google.pt/maps?z=20&t=k&q=loc:39.82057+-7.51405
6930a7d8f59660bdbf649b2c,Instituto Politécnico de Lisboa - Escola Superior de Tecnologia da Saúde de Lisboa,http://maps.google.pt/maps?z=20&t=k&q=loc:38.77607+-9.097442
6930a7d8f59660bdbf649b2d,Universidade do Algarve - Escola Superior de Saúde,http://maps.google.pt/maps?z=20&t=k&q=loc:37.04394+-7.972298
6930a7d8f59660bdbf649b2e,Escola Superior de Saúde Egas Moniz,http://maps.google.pt/maps?z=20&t=k&q=loc:38.6669+-9.200091
6930a7d8f59660bdbf649b2f,Escola Superior de Saúde da Fundação «Fernando Pessoa»,http://maps.google.pt/maps?z=20&t=k&q=loc:41.17316+-8.608274
6930a7d8f59660bdbf649b30,Universidade de Évora - Escola de Saúde e Desenvolvimento Humano,http://maps.google.pt/maps?z=20&t=k&q=loc:38.56832+-7.910306
6930a7d8f59660bdbf649b31,Escola Universitária Vasco da Gama,http://maps.google.pt/maps?z=20&t=k&q=loc:40.23515+-8.415624
6930a7d8f59660bdbf649b32,Universidade do Algarve - Escola Superior de Educação e Comunicação,http://maps.google.pt/maps?z=20&t=k&q=loc:37.02903+-7.922722
6930a7d8f59660bdbf649b33,Universidade de Coimbra - Faculdade de Ciências do Desporto e Educação Física,http://maps.google.pt/maps?z=20&t=k&q=loc:40.20711+-8.436049
6930a7d8f59660bdbf649b34,Universidade de Lisboa - Faculdade de Motricidade Humana,http://maps.google.pt/maps?z=20&t=k&q=loc:38.70524+-9.25235
6930a7d8f59660bdbf649b35,Universidade do Porto - Faculdade de Desporto,http://maps.google.pt/maps?z=20&t=k&q=loc:41.17864+-8.600067
6930a7d8f59660bdbf649b36,Universidade de Coimbra - Faculdade de Psicologia e de Ciências da Educação,http://maps.google.pt/maps?z=20&t=k&q=loc:40.21036+-8.427611
6930a7d8f59660bdbf649b37,Universidade de Évora - Escola de Ciências Sociais,http://maps.google.pt/maps?z=20&t=k&q=loc:38.57381+-7.906329
6930a7d8f59660bdbf649b38,Universidade da Madeira - Faculdade de Ciências Sociais,http://maps.google.pt/maps?z=20&t=k&q=loc:32.65928+-16.9251
6930a7d8f59660bdbf649b39,Universidade do Porto - Faculdade de Psicologia e de Ciências da Educação,http://maps.google.pt/maps?z=20&t=k&q=loc:41.17554+-8.604519
6930a7d8f59660bdbf649b3a,Instituto Politécnico do Porto - Escola Superior de Tecnologia e Gestão,http://maps.google.pt/maps?z=20&t=k&q=loc:41.36677+-8.194765
6930a7d8f59660bdbf649b3b,Universidade de Lisboa - Faculdade de Farmácia,http://maps.google.pt/maps?z=20&t=k&q=loc:38.74955+-9.157356
6930a7d8f59660bdbf649b3c,Universidade do Porto - Faculdade de Farmácia,http://maps.google.pt/maps?z=20&t=k&q=loc:41.14777+-8.624307
6930a7d8f59660bdbf649b3d,Universidade do Porto - Instituto de Ciências Biomédicas Abel Salazar,http://maps.google.pt/maps?z=20&t=k&q=loc:41.14777+-8.624307
6930a7d8f59660bdbf649b3e,Universidade de Lisboa - Faculdade de Medicina,http://maps.google.pt/maps?z=20&t=k&q=loc:38.74874+-9.160639
6930a7d8f59660bdbf649b3f,Universidade Nova de Lisboa - Faculdade de Ciências Médicas,http://maps.google.pt/maps?z=20&t=k&q=loc:38.72019+-9.139704
6930a7d8f59660bdbf649b40,Universidade do Porto - Faculdade de Ciências da Nutrição e da Alimentação,http://maps.google.pt/maps?z=20&t=k&q=loc:41.15291+-8.638251
6930a7d8f59660bdbf649b41,Atlântica - Instituto Universitário,http://maps.google.pt/maps?z=20&t=k&q=loc:38.74141+-9.284575
6930a7d8f59660bdbf649b42,Instituto Superior de Ciências Policiais e Segurança Interna,http://maps.google.pt/maps?z=20&t=k&q=loc:38.70389+-9.178889
6930a7d8f59660bdbf649b43,Instituto Politécnico de Viseu - Escola Superior de Tecnologia e Gestão de Viseu,http://maps.google.pt/maps?z=20&t=k&q=loc:40.64449+-7.921137
6930a7d8f59660bdbf649b44,Instituto Politécnico de Lisboa - Escola Superior de Teatro e Cinema,http://maps.google.pt/maps?z=20&t=k&q=loc:37.76357+-9.235246
6930a7d8f59660bdbf649b45,Instituto Politécnico do Porto - Escola Superior de Media Artes e Design,http://maps.google.pt/maps?z=20&t=k&q=loc:41.36633+-8.739719
6930a7d8f59660bdbf649b46,Instituto Politécnico de Tomar - Escola Superior de Tecnologia de Abrantes,http://maps.google.pt/maps?z=20&t=k&q=loc:39.46782+-8.207817
6930a7d8f59660bdbf649b47,Instituto Superior de Ciências Empresariais e do Turismo,http://maps.google.pt/maps?z=20&t=k&q=loc:41.152+-8.617905
6930a7d8f59660bdbf649b48,Instituto Politécnico de Lisboa - Instituto Superior de Contabilidade e Administração de Lisboa,http://maps.google.pt/maps?z=20&t=k&q=loc:38.73717+-9.146786
6930a7d8f59660bdbf649b49,ISLA - Instituto Politécnico de Gestão e Tecnologia - Escola Superior de Tecnologia,http://maps.google.pt/maps?z=20&t=k&q=loc:41.12411+-8.614039
6930a7d8f59660bdbf649b4a,Instituto Superior Miguel Torga,http://maps.google.pt/maps?z=20&t=k&q=loc:40.21349+-8.41318
6930a7d8f59660bdbf649b4b,Instituto Politécnico de Leiria - Escola Superior de Educação e Ciências Sociais,http://maps.google.pt/maps?z=20&t=k&q=loc:39.73972+-8.811389
6930a7d8f59660bdbf649b4c,Universidade dos Açores - Faculdade de Ciências Sociais e Humanas,http://maps.google.pt/maps?z=20&t=k&q=loc:37.74605+-25.66378
6930a7d8f59660bdbf649b4d,Universidade Católica Portuguesa - Faculdade de Ciências Humanas,NaN
6930a7d8f59660bdbf649b4e,Instituto Politécnico de Tomar - Escola Superior de Tecnologia de Tomar,http://maps.google.pt/maps?z=20&t=k&q=loc:39.59896+-8.389722
6930a7d8f59660bdbf649b4f,Instituto Politécnico de Bragança - Escola Superior de Tecnologia e de Gestão de Bragança,http://maps.google.pt/maps?z=20&t=k&q=loc:41.79637+-6.7689
6930a7d8f59660bdbf649b50,Instituto Politécnico do Cávado e do Ave - Escola Superior de Gestão,http://maps.google.pt/maps?z=20&t=k&q=loc:41.53448+-8.628122
6930a7d8f59660bdbf649b51,Instituto Politécnico de Tomar - Escola Superior de Gestão de Tomar,http://maps.google.pt/maps?z=20&t=k&q=loc:39.59896+-8.389722
6930a7d8f59660bdbf649b52,Universidade de Aveiro - Instituto Superior de Contabilidade e Administração de Aveiro,http://maps.google.pt/maps?z=20&t=k&q=loc:40.63046+-8.653306
6930a7d8f59660bdbf649b53,Instituto Politécnico da Maia - Escola Superior de Tecnologia e Gestão,http://maps.google.pt/maps?z=20&t=k&q=loc:41.26783+-8.6172
6930a7d8f59660bdbf649b54,Instituto Superior de Entre Douro e Vouga,http://maps.google.pt/maps?z=20&t=k&q=loc:40.92438+-8.544944
6930a7d8f59660bdbf649b55,Instituto Superior Politécnico Gaya - Escola Superior de Ciências Empresariais,http://maps.google.pt/maps?z=20&t=k&q=loc:41.11968+-8.623498
6930a7d8f59660bdbf649b56,Instituto Politécnico de Coimbra - Escola Superior de Tecnologia e Gestão de Oliveira do Hospital,http://maps.google.pt/maps?z=20&t=k&q=loc:40.36106+-7.861083
6930a7d8f59660bdbf649b57,Instituto Politécnico de Setúbal - Escola Superior de Ciências Empresariais,http://maps.google.pt/maps?z=20&t=k&q=loc:38.52306+-8.841667
6930a7d8f59660bdbf649b58,Instituto Politécnico de Santarém - Escola Superior de Gestão e Tecnologia de Santarém,http://maps.google.pt/maps?z=20&t=k&q=loc:39.22521+-8.690559
6930a7d8f59660bdbf649b59,Instituto Politécnico de Viana do Castelo - Escola Superior de Ciências Empresariais,http://maps.google.pt/maps?z=20&t=k&q=loc:42.02595+-8.641592
6930a7d8f59660bdbf649b5a,Universidade do Porto - Faculdade de Direito,http://maps.google.pt/maps?z=20&t=k&q=loc:41.15236+-8.616284
6930a7d8f59660bdbf649b5b,Instituto Politécnico de Lisboa - Escola Superior de Dança,http://maps.google.pt/maps?z=20&t=k&q=loc:38.75568+-9.113923
6930a7d8f59660bdbf649b5c,ISCTE - Instituto Universitário de Lisboa (Sintra),http://maps.google.pt/maps?z=20&t=k&q=loc:38.80215+-9.382696
6930a7d8f59660bdbf649b5d,Instituto Politécnico de Viana do Castelo - Escola Superior de Tecnologia e Gestão,http://maps.google.pt/maps?z=20&t=k&q=loc:41.69424+-8.846658
6930a7d8f59660bdbf649b5e,Instituto Politécnico do Cávado e do Ave - Escola Superior de Design,http://maps.google.pt/maps?z=20&t=k&q=loc:41.53448+-8.628122
6930a7d8f59660bdbf649b5f,Instituto Politécnico de Castelo Branco - Escola Superior de Artes Aplicadas,http://maps.google.pt/maps?z=20&t=k&q=loc:38.81918+-7.455066
6930a7d8f59660bdbf649b60,"Instituto Politécnico de Bragança - Escola Superior de Comunicação, Administração e Turismo de Mirandela",http://maps.google.pt/maps?z=20&t=k&q=loc:41.47761+-7.178407
6930a7d8f59660bdbf649b61,"Instituto Politécnico do Cávado e do Ave - Escola Superior de Desporto, Bem-Estar e Sistemas Biomédicos",http://maps.google.pt/maps?z=20&t=k&q=loc:41.43946+-8.294934
6930a7d8f59660bdbf649b62,Escola Superior de Educação de Fafe,http://maps.google.pt/maps?z=20&t=k&q=loc:41.46357+-8.153696
6930a7d8f59660bdbf649b63,Instituto Politécnico Jean Piaget do Norte - Escola Superior de Desporto e Educação Jean Piaget de Vila Nova de Gaia,http://maps.google.pt/maps?z=20&t=k&q=loc:41.07755+-8.635221
6930a7d8f59660bdbf649b64,Instituto Politécnico de Castelo Branco - Escola Superior de Educação de Castelo Branco,http://maps.google.pt/maps?z=20&t=k&q=loc:39.8191+-7.495828
6930a7d8f59660bdbf649b65,Instituto Politécnico de Leiria - Escola Superior de Saúde,http://maps.google.pt/maps?z=20&t=k&q=loc:39.73278+-8.820556
6930a7d8f59660bdbf649b66,Instituto Politécnico Jean Piaget do Norte - Escola Superior de Saúde Jean Piaget de Vila Nova de Gaia,http://maps.google.pt/maps?z=20&t=k&q=loc:41.07755+-8.635221
6930a7d8f59660bdbf649b67,Instituto Politécnico Jean Piaget do Sul - Escola Superior de Saúde Jean Piaget de Almada,http://maps.google.pt/maps?z=20&t=k&q=loc:38.6664+-9.1769
6930a7d8f59660bdbf649b68,ISAVE - Instituto Superior de Saúde,http://maps.google.pt/maps?z=20&t=k&q=loc:41.63487+-8.350614
6930a7d8f59660bdbf649b69,Escola Superior de Hotelaria e Turismo do Estoril,http://maps.google.pt/maps?z=20&t=k&q=loc:38.71722+-9.391944
6930a7d8f59660bdbf649b6a,Instituto Politécnico de Bragança - Escola Superior de Hotelaria e Bem-Estar,http://maps.google.pt/maps?z=20&t=k&q=loc:41.74203+-7.470944
6930a7d8f59660bdbf649b6b,Universidade da Madeira - Escola Superior de Tecnologias e Gestão,http://maps.google.pt/maps?z=20&t=k&q=loc:32.65945+-16.92655
6930a7d8f59660bdbf649b6c,Universidade de Lisboa - Faculdade de Direito,http://maps.google.pt/maps?z=20&t=k&q=loc:38.75244+-9.157061
6930a7d8f59660bdbf649b6d,Universidade Nova de Lisboa - Faculdade de Direito,http://maps.google.pt/maps?z=20&t=k&q=loc:38.73254+-9.160769
6930a7d8f59660bdbf649b6e,Universidade Católica Portuguesa - Faculdade de Direito,NaN
6930a7d8f59660bdbf649b6f,Universidade Católica Portuguesa - Faculdade de Direito (Porto),http://maps.google.pt/maps?z=20&t=k&q=loc:41.15398+-8.673013
6930a7d8f59660bdbf649b70,Universidade dos Açores - Faculdade de Economia e Gestão,http://maps.google.pt/maps?z=20&t=k&q=loc:37.74605+-25.66378
6930a7d8f59660bdbf649b71,Universidade do Algarve - Faculdade de Economia,http://maps.google.pt/maps?z=20&t=k&q=loc:37.04408+-7.972222
6930a7d8f59660bdbf649b72,Universidade de Coimbra - Faculdade de Economia,http://maps.google.pt/maps?z=20&t=k&q=loc:40.2147+-8.408988
6930a7d8f59660bdbf649b73,Universidade de Lisboa - Instituto Superior de Economia e Gestão,http://maps.google.pt/maps?z=20&t=k&q=loc:38.70972+-9.155651
6930a7d8f59660bdbf649b74,Universidade Nova de Lisboa - Faculdade de Economia,http://maps.google.pt/maps?z=20&t=k&q=loc:38.6793+-9.325741
6930a7d8f59660bdbf649b75,Universidade do Porto - Faculdade de Economia,http://maps.google.pt/maps?z=20&t=k&q=loc:41.17595+-8.598582
6930a7d8f59660bdbf649b76,Universidade Católica Portuguesa - Faculdade de Economia e Gestão,http://maps.google.pt/maps?z=20&t=k&q=loc:41.15398+-8.673013
6930a7d8f59660bdbf649b77,Instituto Politécnico de Santarém - Escola Superior de Educação de Santarém,http://maps.google.pt/maps?z=20&t=k&q=loc:39.22225+-8.688641
6930a7d8f59660bdbf649b78,Instituto Politécnico de Portalegre - Escola Superior de Educação e Ciências Sociais,http://maps.google.pt/maps?z=20&t=k&q=loc:39.28958+-7.429967
6930a7d8f59660bdbf649b79,Escola Superior de Educação de João de Deus,http://maps.google.pt/maps?z=20&t=k&q=loc:38.71589+-9.158396
6930a7d8f59660bdbf649b7a,Escola Superior de Educação de Paula Frassinetti,http://maps.google.pt/maps?z=20&t=k&q=loc:41.16028+-8.6025
6930a7d8f59660bdbf649b7b,Instituto Politécnico Jean Piaget do Sul - Escola Superior de Educação Jean Piaget de Almada,http://maps.google.pt/maps?z=20&t=k&q=loc:39.61613+-9.17839
6930a7d8f59660bdbf649b7c,Instituto Politécnico da Lusofonia - Escola Superior de Educação da Lusofonia,http://maps.google.pt/maps?z=20&t=k&q=loc:38.74674+-9.100184
6930a7d8f59660bdbf649b7d,Instituto Superior de Estudos Interculturais e Transdisciplinares de Almada,http://maps.google.pt/maps?z=20&t=k&q=loc:38.6664+-9.1769
6930a7d8f59660bdbf649b7e,Universidade de Lisboa - Instituto de Educação,http://maps.google.pt/maps?z=20&t=k&q=loc:38.75282+-9.155494
6930a7d8f59660bdbf649b7f,"Instituto Politécnico da Maia - Escola Superior de Ciências Sociais, Educação e Desporto",http://maps.google.pt/maps?z=20&t=k&q=loc:41.26783+-8.6172
6930a7d8f59660bdbf649b80,Instituto Superior de Ciências da Informação e da Administração,http://maps.google.pt/maps?z=20&t=k&q=loc:40.63694+-8.6325
6930a7d8f59660bdbf649b81,Universidade de Aveiro - Escola Superior de Tecnologia e Gestão de Águeda,http://maps.google.pt/maps?z=20&t=k&q=loc:40.57429+-8.444219
6930a7d8f59660bdbf649b82,Escola Superior de Enfermagem de Lisboa,http://maps.google.pt/maps?z=20&t=k&q=loc:38.75698+-9.14607
6930a7d8f59660bdbf649b83,Instituto Politécnico de Beja - Escola Superior de Saúde,http://maps.google.pt/maps?z=20&t=k&q=loc:38.01457+-7.875266
6930a7d8f59660bdbf649b84,Instituto Politécnico de Portalegre - Escola Superior de Saúde,http://maps.google.pt/maps?z=20&t=k&q=loc:39.30038+-7.425994
6930a7d8f59660bdbf649b85,Instituto Politécnico de Santarém - Escola Superior de Saúde de Santarém,http://maps.google.pt/maps?z=20&t=k&q=loc:39.24598+-8.701129
6930a7d8f59660bdbf649b86,Instituto Politécnico de Setúbal - Escola Superior de Saúde,http://maps.google.pt/maps?z=20&t=k&q=loc:38.52306+-8.841667
6930a7d8f59660bdbf649b87,Instituto Politécnico de Viana do Castelo - Escola Superior de Saúde,http://maps.google.pt/maps?z=20&t=k&q=loc:41.69738+-8.834974
6930a7d8f59660bdbf649b88,Instituto Politécnico de Viseu - Escola Superior de Saúde de Viseu,http://maps.google.pt/maps?z=20&t=k&q=loc:40.65262+-7.905071
6930a7d8f59660bdbf649b89,Universidade dos Açores - Escola Superior de Saúde - Angra do Heroísmo,http://maps.google.pt/maps?z=20&t=k&q=loc:38.6585+-27.234
6930a7d8f59660bdbf649b8a,Universidade dos Açores - Escola Superior de Saúde - Ponta Delgada,http://maps.google.pt/maps?z=20&t=k&q=loc:37.74654+-25.66221
6930a7d8f59660bdbf649b8b,Universidade de Aveiro - Escola Superior de Saúde de Aveiro,http://maps.google.pt/maps?z=20&t=k&q=loc:40.62451+-8.659866
6930a7d8f59660bdbf649b8c,Universidade de Coimbra - Escola Superior de Enfermagem,http://maps.google.pt/maps?z=20&t=k&q=loc:40.21857+-8.409519
6930a7d8f59660bdbf649b8d,Universidade de Évora - Escola Superior de Enfermagem de São João de Deus,http://maps.google.pt/maps?z=20&t=k&q=loc:38.56826+-7.902039
6930a7d8f59660bdbf649b8e,Universidade da Madeira - Escola Superior de Saúde,http://maps.google.pt/maps?z=20&t=k&q=loc:32.65945+-16.92655
6930a7d8f59660bdbf649b8f,Universidade do Minho - Escola Superior de Enfermagem,http://maps.google.pt/maps?z=20&t=k&q=loc:41.33338+-8.23543
6930a7d8f59660bdbf649b90,Universidade do Porto - Escola Superior de Enfermagem,http://maps.google.pt/maps?z=20&t=k&q=loc:41.18211+-8.603922
6930a7d8f59660bdbf649b91,Universidade de Trás-os-Montes e Alto Douro - Escola Superior de Saúde,http://maps.google.pt/maps?z=20&t=k&q=loc:41.28739+-7.738986
6930a7d8f59660bdbf649b92,Escola Superior de Enfermagem São Francisco das Misericórdias,http://maps.google.pt/maps?z=20&t=k&q=loc:38.72448+-9.146054
6930a7d8f59660bdbf649b93,Escola Superior de Enfermagem de São José de Cluny,http://maps.google.pt/maps?z=20&t=k&q=loc:32.66711+-16.90464
6930a7d8f59660bdbf649b94,Escola Superior de Saúde Atlântica,http://maps.google.pt/maps?z=20&t=k&q=loc:38.74141+-9.284575
6930a7d8f59660bdbf649b95,Escola Superior de Saúde Cruz Vermelha Portuguesa - Alto Tâmega,http://maps.google.pt/maps?z=20&t=k&q=loc:41.7811+-7.447647
6930a7d8f59660bdbf649b96,Escola Superior de Saúde Jean Piaget de Viseu,http://maps.google.pt/maps?z=20&t=k&q=loc:40.73678+-7.939917
6930a7d8f59660bdbf649b97,Escola Superior de Saúde Norte da Cruz Vermelha Portuguesa,http://maps.google.pt/maps?z=20&t=k&q=loc:40.83691+-8.472358
6930a7d8f59660bdbf649b98,Escola Superior de Saúde de Santa Maria,http://maps.google.pt/maps?z=20&t=k&q=loc:41.16033+-8.609315
6930a7d8f59660bdbf649b99,Instituto Politécnico Jean Piaget do Sul - Escola Superior de Saúde Jean Piaget do Algarve,http://maps.google.pt/maps?z=20&t=k&q=loc:37.1964+-8.4336
6930a7d8f59660bdbf649b9a,Instituto Politécnico de Saúde do Norte - CESPU - Escola Superior de Enfermagem do Tâmega e Sousa,http://maps.google.pt/maps?z=20&t=k&q=loc:41.20715+-8.283265
6930a7d8f59660bdbf649b9b,Instituto Politécnico de Saúde do Norte - CESPU - Escola Superior de Saúde do Vale do Ave,http://maps.google.pt/maps?z=20&t=k&q=loc:41.40671+-8.515314
6930a7d8f59660bdbf649b9c,Universidade Católica Portuguesa - Escola de Enfermagem (Lisboa),NaN
6930a7d8f59660bdbf649b9d,Universidade Católica Portuguesa - Escola de Enfermagem (Porto),http://maps.google.pt/maps?z=20&t=k&q=loc:41.15398+-8.673013
6930a7d8f59660bdbf649b9e,"Instituto Politécnico da Lusofonia - Escola Superior de Saúde, Proteção e Bem-Estar Animal",http://maps.google.pt/maps?z=20&t=k&q=loc:38.74674+-9.100184
6930a7d8f59660bdbf649b9f,Instituto Politécnico de Saúde do Norte - CESPU - Escola Superior de Tecnologias da Saúde do Tâmega e Sousa,http://maps.google.pt/maps?z=20&t=k&q=loc:41.18351+-8.445928
6930a7d8f59660bdbf649ba0,Instituto Politécnico de Lisboa - Instituto Superior de Engenharia de Lisboa,http://maps.google.pt/maps?z=20&t=k&q=loc:38.75568+-9.113923
6930a7d8f59660bdbf649ba1,Instituto Politécnico de Castelo Branco - Escola Superior de Tecnologia de Castelo Branco,http://maps.google.pt/maps?z=20&t=k&q=loc:39.81956+-7.511883
6930a7d8f59660bdbf649ba2,Universidade do Algarve - Instituto Superior de Engenharia,http://maps.google.pt/maps?z=20&t=k&q=loc:37.03847+-7.922417
6930a7d8f59660bdbf649ba3,Escola Superior de Actividades Imobiliárias,http://maps.google.pt/maps?z=20&t=k&q=loc:38.74368+-9.113525
6930a7d8f59660bdbf649ba4,Instituto Superior D. Dinis,http://maps.google.pt/maps?z=20&t=k&q=loc:39.74083+-8.92663
6930a7d8f59660bdbf649ba5,Universidade de Lisboa - Instituto Superior Técnico (Tagus Park),http://maps.google.pt/maps?z=20&t=k&q=loc:38.73723+-9.302337
6930a7d8f59660bdbf649ba6,Instituto Superior Politécnico Gaya - Escola Superior de Ciência e Tecnologia,http://maps.google.pt/maps?z=20&t=k&q=loc:41.11968+-8.623498
6930a7d8f59660bdbf649ba7,Instituto Politécnico do Cávado e do Ave - Escola Superior de Tecnologia,http://maps.google.pt/maps?z=20&t=k&q=loc:41.53448+-8.628122
6930a7d8f59660bdbf649ba8,Instituto Politécnico de Setúbal - Escola Superior de Tecnologia de Setúbal,http://maps.google.pt/maps?z=20&t=k&q=loc:38.52167+-8.839167
6930a7d8f59660bdbf649ba9,Escola Superior Náutica Infante D. Henrique,http://maps.google.pt/maps?z=20&t=k&q=loc:38.69206+-9.298875
6930a7d8f59660bdbf649baa,Instituto Universitário Militar - Academia Militar,http://maps.google.pt/maps?z=20&t=k&q=loc:38.72643+-9.140553
6930a7d8f59660bdbf649bab,Instituto Politécnico de Beja - Escola Superior de Tecnologia e de Gestão,http://maps.google.pt/maps?z=20&t=k&q=loc:38.01572+-7.875266
6930a7d8f59660bdbf649bac,Instituto Politécnico Jean Piaget do Sul - Escola Superior de Tecnologia e Gestão Jean Piaget,http://maps.google.pt/maps?z=20&t=k&q=loc:38.6664+-9.1769
6930a7d8f59660bdbf649bad,Instituto Superior de Tecnologias Avançadas de Lisboa,http://maps.google.pt/maps?z=20&t=k&q=loc:38.76894+-9.15895
6930a7d8f59660bdbf649bae,Instituto Superior de Tecnologias Avançadas do Porto,http://maps.google.pt/maps?z=20&t=k&q=loc:41.16667+-8.593643
6930a7d8f59660bdbf649baf,ISLA Santarém - Instituto Politécnico - Escola Superior de Engenharia e Tecnologia,NaN
6930a7d8f59660bdbf649bb0,Instituto Politécnico de Viseu - Escola Superior de Tecnologia e Gestão de Lamego,http://maps.google.pt/maps?z=20&t=k&q=loc:41.09662+-7.808191
6930a7d8f59660bdbf649bb1,Instituto Politécnico de Bragança - Escola Superior de Saúde de Bragança (Chaves),NaN
6930a7d8f59660bdbf649bb2,Escola Superior de Saúde do Alcoitão,http://maps.google.pt/maps?z=20&t=k&q=loc:38.73198+-9.40119
6930a7d8f59660bdbf649bb3,Universidade de Lisboa - Instituto de Geografia e Ordenamento do Território,http://maps.google.pt/maps?z=20&t=k&q=loc:38.74934+-9.15258
6930a7d8f59660bdbf649bb4,Instituto Superior de Serviço Social do Porto,http://maps.google.pt/maps?z=20&t=k&q=loc:41.18272+-8.652955
6930a7d8f59660bdbf649bb5,"Universidade do Algarve - Escola Superior de Gestão, Hotelaria e Turismo",http://maps.google.pt/maps?z=20&t=k&q=loc:37.02928+-7.923611
6930a7d8f59660bdbf649bb6,"Universidade do Algarve - Escola Superior de Gestão, Hotelaria e Turismo (Portimão)",http://maps.google.pt/maps?z=20&t=k&q=loc:37.14364+-8.536417
6930a7d8f59660bdbf649bb7,Instituto Superior de Gestão,http://maps.google.pt/maps?z=20&t=k&q=loc:38.75053+-9.185107
6930a7d8f59660bdbf649bb8,Universidade Católica Portuguesa - Instituto de Gestão e das Organizações da Saúde,NaN
6930a7d8f59660bdbf649bb9,Escola Superior de Tecnologias de Fafe,http://maps.google.pt/maps?z=20&t=k&q=loc:41.46357+-8.153696
6930a7d8f59660bdbf649bba,Instituto Superior de Administração e Gestão,http://maps.google.pt/maps?z=20&t=k&q=loc:41.15463+-8.644514
6930a7d8f59660bdbf649bbb,Instituto Politécnico do Porto - Escola Superior de Hotelaria e Turismo,http://maps.google.pt/maps?z=20&t=k&q=loc:41.36633+-8.739719
6930a7d8f59660bdbf649bbc,Instituto Politécnico do Cávado e do Ave - Escola Superior de Hotelaria e Turismo,http://maps.google.pt/maps?z=20&t=k&q=loc:41.53448+-8.628122
6930a7d8f59660bdbf649bbd,Instituto Politécnico da Lusofonia - Escola Superior de Ciências da Administração,http://maps.google.pt/maps?z=20&t=k&q=loc:38.74674+-9.100184
6930a7d8f59660bdbf649bbe,ISLA Santarém - Instituto Politécnico - Escola Superior de Gestão,NaN
6930a7d8f59660bdbf649bbf,Instituto Superior de Administração e Línguas,http://maps.google.pt/maps?z=20&t=k&q=loc:32.6557+-16.91028
6930a7d8f59660bdbf649bc0,ISLA - Instituto Politécnico de Gestão e Tecnologia - Escola Superior de Gestão,http://maps.google.pt/maps?z=20&t=k&q=loc:41.12411+-8.614039
6930a7d8f59660bdbf649bc1,Instituto Politécnico da Guarda - Escola Superior de Turismo e Hotelaria,http://maps.google.pt/maps?z=20&t=k&q=loc:40.42886+-7.703182
6930a7d8f59660bdbf649bc2,Instituto Português de Administração de Marketing de Lisboa,http://maps.google.pt/maps?z=20&t=k&q=loc:38.76037+-9.193671
6930a7d8f59660bdbf649bc3,Instituto Português de Administração de Marketing do Porto,http://maps.google.pt/maps?z=20&t=k&q=loc:41.17588+-8.64978
6930a7d8f59660bdbf649bc4,Escola Superior de Negócios Atlântico,http://maps.google.pt/maps?z=20&t=k&q=loc:41.08563+-8.651342
6930a7d8f59660bdbf649bc5,Universidade de Lisboa - Faculdade de Medicina Dentária,http://maps.google.pt/maps?z=20&t=k&q=loc:38.74921+-9.15499
6930a7d8f59660bdbf649bc6,"Instituto Politécnico da Lusofonia - Escola Superior de Comunicação, Inovação e Artes",http://maps.google.pt/maps?z=20&t=k&q=loc:38.74674+-9.100184
6930a7d8f59660bdbf649bc7,Universidade de Coimbra - Faculdade de Medicina,http://maps.google.pt/maps?z=20&t=k&q=loc:40.21902+-8.416386
6930a7d8f59660bdbf649bc8,Universidade do Porto - Faculdade de Medicina,http://maps.google.pt/maps?z=20&t=k&q=loc:41.18273+-8.600299
6930a7d8f59660bdbf649bc9,Universidade Católica Portuguesa - Faculdade de Medicina,http://maps.google.pt/maps?z=20&t=k&q=loc:38.7513+-9.312444
6930a7d8f59660bdbf649bca,Universidade do Porto - Faculdade de Medicina Dentária,http://maps.google.pt/maps?z=20&t=k&q=loc:41.17414+-8.603376
6930a7d8f59660bdbf649bcb,Universidade de Lisboa - Faculdade de Medicina Veterinária,http://maps.google.pt/maps?z=20&t=k&q=loc:38.71408+-9.195294
6930a7d8f59660bdbf649bcc,Instituto Politécnico de Lisboa,http://maps.google.pt/maps?z=20&t=k&q=loc:39.00361+-9.349444
6930a7d8f59660bdbf649bcd,Universidade de Lisboa - Faculdade de Psicologia,http://maps.google.pt/maps?z=20&t=k&q=loc:38.75282+-9.155494
6930a7d8f59660bdbf649bce,Instituto Superior de Estudos Interculturais e Transdisciplinares de Viseu,http://maps.google.pt/maps?z=20&t=k&q=loc:40.44123+-7.56216
6930a7d8f59660bdbf649bcf,Universidade Católica Portuguesa - Faculdade de Educação e Psicologia,http://maps.google.pt/maps?z=20&t=k&q=loc:41.15398+-8.673013
6930a7d8f59660bdbf649bd0,Instituto Universitário Militar - Escola Naval,http://maps.google.pt/maps?z=20&t=k&q=loc:38.66245+-9.147213
6930a7d8f59660bdbf649bd1,Instituto Politécnico de Lisboa - Escola Superior de Música,http://maps.google.pt/maps?z=20&t=k&q=loc:38.74691+-9.196713
6930a7d8f59660bdbf649bd2,Universidade Católica Portuguesa - Faculdade de Teologia,NaN
