Master Name,University,Location,Duration,Tuition Fee,About
Sustainable Urban Mobility Transitions,EIT Urban Mobility Master School,Multiple locations,2 years,4000 EUR / year,This Sustainable Urban Mobility Transitions programme from the EIT Urban Mobility Master School prepares you to address evolving urban challenges and lead innovations in sustainable urban mobility. It empowers students to become future urban leaders by embracing complexity and competence beyond the traditional urban planning and civil engineering disciplines.
Smart Mobility Data Science and Analytics,EIT Urban Mobility Master School,Multiple locations,2 years,4000 EUR / year,"This Smart Mobility Data Science and Analytics programme from EIT Urban Mobility Master School trains future elite data scientist in urban mobility. Through an interdisciplinary approach, you will learn to leverage urban data for strategic city planning, sustainable resource use, environmental cleanliness, equitable citizen engagement, and fostering a healthy society."
Postgraduate Program in Artificial Intelligence for Business Transformation,NOVA IMS,"Lisbon, Portugal",9 months,4100 EUR / year,"The Artificial Intelligence for Business Transformation program from Universidade Nova de Lisaboa trains managers and professionals to lead digital transformation by mastering artificial intelligence, machine learning, big data & analytics, IoT and other disruptive technologies ."
Postgraduate Program in Enterprise Data Science and Analytics,NOVA IMS,"Lisbon, Portugal",9 months,5100 EUR / year,"The Enterprise Data Science and Analytics program from Universidade Nova de Lisboa present methodologies and tools that enable companies to transform data into information on which they can base strategic information regarding their entry into new markets, new product or service lines, process optimization, business model transformation, and competitiveness in a data-driven decision-making market."
Economics,Nova School of Business and Economics,"Carcavelos, Portugal",1½ year,8099 EUR / year,With this Master’s in Economics from Nova School of Business and Economics you will develop the technical and analytical skills to understand the dynamics of world economies.
Lisbon Executive Master of Business Administration,Nova School of Business and Economics,"Lisbon, Portugal","1 year, 8 months",20 940 EUR / year,"The Lisbon Executive Master of Business Administration from Nova School of Business and Economics is among the best 100 MBAs in the world according to the FT ranking. It is a 22 month part-time MBA, with a rigorous academic component from two top European business schools, Católica-Lisbon and Nova SBE, provided in collaboration with MIT Sloan. "
Master in Finance with Double Degree,Católica Porto Business School (CPBS),"Porto, Portugal",2 years,6570 EUR / year,"Taught by a first-class national and international Faculty, the Master in Finance with Double Degree from Católica Porto Business School (CPBS) has been producing highly-skilled financial specialists for more than ten years. These experts now occupy prominent positions in Portuguese firms and financial institutions, as well as in financial centres such as Madrid, London and New York."
Law Applied to Technology (Law and Tech),Universidade Nova de Lisboa - NOVA School of Law,"Lisbon, Portugal",2 years,7200 EUR / year,"At the Law Applied to Technology (Law and Tech) program from the Universidade Nova de Lisboa, the focus is on the digital and other types of emerging technological transformations. The study of law within this focus is approached in international, transnational, and comparative way."
Monetary and Financial Economics,ISEG - Lisbon School of Economics and Management,"Lisbon, Portugal",2 years,2875 EUR / year,This Monetary and Financial Economics MSc degree from ISEG - Lisbon School of Economics and Management will boost your chances of becoming an expert in economic and financial matters.
Lisbon International Master of Business Administration,Nova School of Business and Economics,"Lisbon, Portugal",1 year,39 500 EUR / year,"The accelerated full-time Lisbon International Master of Business Administration at Nova School of Business and Economics is a one year full-time programme for high-potential professionals, who aim to boost or change their career paths focusing exclusively on a life-changing experience, in an entrepreneurial and international environment."
International Master's in Management,Nova School of Business and Economics,"Lisbon, Portugal",1½ year,8099 EUR / year,The International Master’s in Management (IMM) from Nova School of Business and Economics is directed to Bachelor students who want to have an international career after their master’s program and ambition a fast career progression in a multinational company. 
Renewable Energy,InnoEnergy Masters+,Multiple locations,2 years,19 000 EUR / year,"Discover the dynamic world of renewable energy and seize vast opportunities in a rapidly evolving sector. InnoEnergy Masters+ Master’s in Renewable Energy offers a comprehensive insight into this innovative industry, nurtured through collaborations with prestigious universities, cutting-edge innovation centres, established firms, and burgeoning start-ups. "
Master in Management with Double Degree,Católica Porto Business School (CPBS),"Porto, Portugal",2 years,7008 EUR / year,"The Master in Management with Double Degree from Católica Porto Business School (CPBS) are able to deepen their comprehension and engagement in classroom capabilities with Breakout Learning, an AI-powered tool. By this, students get a unique opportunity to gain cutting-edge knowledge and skills, starting with the Specialisation in International Management of the MSc in Management."
Master in Marketing with Double Degree,Católica Porto Business School (CPBS),"Porto, Portugal",2 years,7008 EUR / year,"The main objective of the Master in Marketing with Double Degree from Católica Porto Business School (CPBS) is to guarantee the link between the theories and model taught and the reality of the problems in today´s marketing activities. Thus, we tend to use empirical teaching approach as much as possible, along with case studies. "
Finance,ISEG - Lisbon School of Economics and Management,"Lisbon, Portugal",2 years,3950 EUR / year,"This Finance MSc programme from ISEG - Lisbon School of Economics and Management offers you a degree that’s just right for you. It’s innovative, competitive, and up to date."
Actuarial Science,ISEG - Lisbon School of Economics and Management,"Lisbon, Portugal",2 years,2750 EUR / year,"This Actuarial Science MSc programme from ISEG - Lisbon School of Economics and Management offers students the chance to gain a solid academic foundation in up-to-date actuarial knowledge, statistics and finance, providing them with the skills and background required to become successful actuaries."
Management,Nova School of Business and Economics,"Carcavelos, Portugal",1½ year,8099 EUR / year,The Management program at Nova School of Business and Economics is designed for students from any graduate background wishing to gain a management education. 
Postgraduate Program in Health Data Science and Analytics,NOVA IMS,"Lisbon, Portugal",9 months,4200 EUR / year,"The Health Data Science and Analytics program from Universidade Nova de Lisboa was specially designed for healthcare professionals who aim to acquire advanced skills in management, interpretation and strategic decision-making based on data in the context of health sciences."
Master in Business Economics with Double Degree,Católica Porto Business School (CPBS),"Porto, Portugal",2 years,6570 EUR / year,"The Master in Business Economics with Double Degree from Católica Porto Business School (CPBS) is an international programme offered in English. It is suitable for bachelors in economics, management and engineering with the ambition of becoming top professionals of organisations."
Impact Entrepreneurship and Innovation,Nova School of Business and Economics,"Carcavelos, Portugal",1½ year,8099 EUR / year,This Master’s in Impact Entrepreneurship and Innovation  at Nova School of Business and Economics is for those brave enough to make their own definition of success. A success that reaches far beyond the individual and generates meaningful impact throughout society. These are the real game-changers and you are one step closer to becoming one of us.
Management and Industrial Strategy,ISEG - Lisbon School of Economics and Management,"Lisbon, Portugal",2 years,3425 EUR / year,This Management and Industrial Strategy degree from ISEG - Lisbon School of Economics and Management will prepare you to face current challenges of a sustainable economy using innovation production and operations strategies.
Business Analytics,Nova School of Business and Economics,"Carcavelos, Portugal",1½ year,8099 EUR / year,"The Master’s in Business Analytics at Nova School of Business and Economics aims at the development of solid technical, organizational, leadership, critical thinking and communication competencies for future managers and leaders of organizations (public or private, for-profit or not-for-profit) in a context increasingly dependent on algorithms and hybrid systems for decision making."
Law and Management,Universidade Nova de Lisboa - NOVA School of Law,"Lisbon, Portugal",1½ year,4133 EUR / year,The Master’s in Law and Management from Universidade Nova de Lisboa is a creation of a partnership bringing together Nova School of Business and Economics (Nova SBE) and NOVA School of Law (NOVA Law). 
Accounting,ISEG - Lisbon School of Economics and Management,"Lisbon, Portugal",1½ year,4566 EUR / year,"The Accounting MSc programme graduates from ISEG - Lisbon School of Economics and Management can be a great jumpstart to your career as an accountant, auditor, consultant, or chief financial officer."
International Master's in Finance,Nova School of Business and Economics,"Carcavelos, Portugal",1½ year,8999 EUR / year,The International Master’s in Finance (IMF) from Nova School of Business and Economics is directed to Bachelor students who want to have an international career after their master’s program and ambition a fast career progression in the financial area. 
Law and Economics of the Sea – Ocean Governance,Universidade Nova de Lisboa - NOVA School of Law,"Lisbon, Portugal",2 years,3100 EUR / year,"The Law and Economics of the Sea – Ocean Governance course at Universidade Nova de Lisboa is an interdisciplinary, unique and innovative program dedicated to the study of all issues related to ocean governance.  Since 2023/24 it is a partnership with NOVA School of Business and Economics. "
Management,ISEG - Lisbon School of Economics and Management,"Lisbon, Portugal",1½ year,5200 EUR / year,"If you want to make a difference in the corporate world this Management M.I.M programme from ISEG - Lisbon School of Economics and Management, is the course to take."
Mathematical Finance,ISEG - Lisbon School of Economics and Management,"Lisbon, Portugal",2 years,2875 EUR / year,This Mathematical Finance MSc programme from the ISEG - Lisbon School of Economics and Management provides a solid mathematical background and presents cutting-edge quantitative methodologies and computational techniques that are essential in the financial industry.
Erasmus Mundus Joint Master Programme Social Psychology of Transformation (SPOT),International Psychoanalytic University Berlin (IPU Berlin),Multiple locations,2 years,9600 EUR / year,The Erasmus Mundus Joint Master Programme Social Psychology of Transformation (SPOT) from International Psychoanalytic University Berlin (IPU Berlin) invites you on a two-year journey through Europe. We are excited to offer you a unique opportunity to study at several leading European universities. 
Finance,Nova School of Business and Economics,"Carcavelos, Portugal",1½ year,8999 EUR / year,"The Finance program at Nova School of Business and Economics will enable you to develop a solid knowledge, analytical and problem-solving competencies in the financial area. "
CEMS Master in International Management,Nova School of Business and Economics,"Carcavelos, Portugal",2 years,10 325 EUR / year,The CEMS Master in International Management at Nova School of Business and Economics provides multicultural and multilingual students with the skills to thrive in tomorrow’s business environment.
International Development and Public Policy,Nova School of Business and Economics,"Carcavelos, Portugal",1½ year,8099 EUR / year,"Decision-making is constantly a challenging process with a growing number of variables and expectations to be met in several fields, all directly impacting society. In this International Development and Public Policy programme at Nova School of Business and Economics, you will acquire the tools to prompt personal and organizational development both for public and non-governmental companies."
Economics,ISEG - Lisbon School of Economics and Management,"Lisbon, Portugal",2 years,2875 EUR / year,"This Economics programme from ISEG - Lisbon School of Economics and Management builds up the perfect pathway for your career to move forward. Who knows, maybe it could help you land your dream job."
Social Law and Innovation,Universidade Nova de Lisboa - NOVA School of Law,"Lisbon, Portugal",2 years,3100 EUR / year,"The Social Law and Innovation program from Universidade Nova de Lisboa - NOVA School of Law aims to provide law graduates with a balanced education in emerging areas of law, and to equip them with the necessary tools for a specialized career in a range of professional fields."
Data Analytics for Business,ISEG - Lisbon School of Economics and Management,"Lisbon, Portugal",1½ year,4566 EUR / year,"This Data Analytics for Business MSc programme offered by ISEG - Lisbon School of Economics and Management is particularly relevant for quantitative methods enthusiasts since its main topics of interest are Data Science, Business Analytics and Information Systems."
European Master on Embedded Intelligence Nanosystems Engineering (EMINENT),University of Siegen,Multiple locations,2 years,Free,"The EMINENT master’s programme provides students with such a holistic education in embedded intelligence nanosystems engineering. It combines advanced training starting from the nanoscale material and device technology to the computing architectures of intelligent sensing elements, including the perspectives of macroscale integrated systems and meaningful IoT application areas.  "
Law and Security,Universidade Nova de Lisboa - NOVA School of Law,"Lisbon, Portugal",2 years,2450 EUR / year,"Law and Security at Universidade Nova de Lisboa aims to provide in-depth knowledge of issues related to Security in many of its different domains: political, geostrategic, military, police, economic, legal, environmental, health, technological, among others, domains which are more than ever interconnected. "
International and European Law,Universidade Nova de Lisboa - NOVA School of Law,"Lisbon, Portugal",2 years,3100 EUR / year,"The Master’s in International and European Law at Universidade Nova de Lisboa offers students the opportunity to expand their legal knowledge in an area that is becoming increasingly essential considering world globalization, in which national boundaries are losing importance.  "
Advanced Materials - Innovative Recycling (AMIR),EIT RawMaterials Academy,Multiple locations,2 years,2500 EUR / year,"The Advanced Materials - Innovative Recycling (AMIR) degree from EIT RawMaterials Academy is a world leading programme that explores the raw material value chain, particularly focusing on recycling."
Applied Econometrics and Forecasting,ISEG - Lisbon School of Economics and Management,"Lisbon, Portugal",2 years,2550 EUR / year,"The Applied Econometrics and Forecasting MSc programme at ISEG - Lisbon School of Economics and Management aimed, above all, at those who intend to go beyond the boundaries of common knowledge."
Law and Financial Markets,Universidade Nova de Lisboa - NOVA School of Law,"Lisbon, Portugal",2 years,3100 EUR / year,This Law and Financial Markets program from Universidade Nova de Lisboa is a product of an innovative partnership bringing together NOVA Information Management School (NOVA IMS) and NOVA School of Law (NOVA Law). 
Sustainable Energy Systems,InnoEnergy Masters+,Multiple locations,2 years,19 000 EUR / year,"InnoEnergy Masters+ Master's in Sustainable Energy Systems equips you with the skills to tackle environmental challenges through innovative technical solutions. Beyond the technical aspects, you’ll delve into the vital roles of innovation, economics, and commerce, gaining a comprehensive understanding of the engineer’s responsibilities in a sustainable energy landscape."
Business Intelligence,NOVA IMS,"Lisbon, Portugal",1½ year,4000 EUR / year,"This Information Management Master, with a specialization in Business Intelligence, at Universidade Nova de Lisboa, is ranked, for the 6th time in a row, as the best Master's degree Program in Business Intelligence and Strategy in the World by Eduniversal, an international agency that publishes an annual ranking of the best MBA and Master degree programs in the world."
Human Resources Management and Organizational Consulting,ISCTE Business School | University Institute of Lisbon,"Lisbon, Portugal",2 years,5250 EUR / year,The MSc in Human Resources Management and Organizational Consulting from ISCTE - University Institute of Lisbon is a full-time programme designed to provide students with a truly transformative experience. 
Risk Management,NOVA IMS,"Lisbon, Portugal",1½ year,4000 EUR / year,"The Master's in Risk Management, at Universidade Nova de Lisboa, aims to train professionals and executives with the skills to address the challenges of identifying, assessing, and managing risk in the financial sector. This program evolved from the Risk Analysis and Management program, which is classified as the best Master's Degree in Risk Management in Portugal and the 2nd best in the World."
Accounting and Management Control,ISCTE Business School | University Institute of Lisbon,"Lisbon, Portugal",2 years,5250 EUR / year,"Embark on a transformative journey with the MSc in Accounting and Management Control at ISCTE - University Institute of Lisbon, tailored for forward-thinking students aspiring to play pivotal roles in the dynamic realm of accounting and finance. "
European Master of Science in Information Systems Management,NOVA IMS,"Lisbon, Portugal",2 years,4000 EUR / year,The European Master of Science in Information Systems Management from Universidade Nova de Lisboa and SEB LU aims at graduates willing to acquire additional information systems management skills to be applied in their professional field and intend to have a master's double degree diploma from two universities.
Data Analytics,NOVA IMS,"Lisbon, Portugal",1½ year,4000 EUR / year,"The Master's Program in Statistics and Information Management, with a specialization in Data Analytics, at Universidade Nova de Lisboa goes beyond traditional statistics, equipping students with the latest tools and techniques to thrive in the digital age. "
Management,ISCTE Business School | University Institute of Lisbon,"Lisbon, Portugal",2 years,5750 EUR / year,"The MSc in Management from ISCTE - University Institute of Lisbon is a full-time programme designed for students with a previous background in management-related areas (e.g. management, finance, accounting, marketing management, human resources management bachelors, etc.). "
Marketing,ISCTE Business School | University Institute of Lisbon,"Lisbon, Portugal",2 years,5250 EUR / year,"ISCTE - University Institute of Lisbon is well-known for offering the most highly rated, business-oriented MSc in Marketing in Portugal, with a clear international focus. Marketing at ISCTE Business School is designed for students with little or no work experience and will provide them with a highly advanced qualification, both theoretical and practical, that will boost their career prospects."
"Data Science and Advanced Analytics, with a specialization in Business Analytics",NOVA IMS,"Lisbon, Portugal",2 years,3100 EUR / year,"The Master's degree in Data Science and Advanced Analytics, with a specialization in Business Analytics, at Universidade Nova de Lisboa, is aimed at market oriented people, who want to apply effective analytical models to different business problems, interpreting the results and their implications to the business, with the objective of taking data driven decisions to optimize the business process."
Geospatial Technologies,NOVA IMS,"Lisbon, Portugal",11 months,3400 EUR / year,"The Geospatial Technologies master program from Universidade Nova de Lisboa is a cooperation between NOVA IMS, in Portugal, the Institute for Geoinformatics (IFGI) of the University of Münster (WWU), in Germany, and the Universitat Jaume I (UJI), in Spain"
Economics,ISCTE Business School | University Institute of Lisbon,"Lisbon, Portugal",2 years,2900 EUR / year,"The MSc in Economics at ISCTE - University Institute of Lisbon provides rigorous preparation for students who wish to advance to a PhD program. The Economics programme provides solid foundations in the core subjects (microeconomics, macroeconomics, and econometrics) and equips you with the tools of economic analysis."
"Data Science and Advanced Analytics, with a specialization in Data Science",NOVA IMS,"Lisbon, Portugal",2 years,3100 EUR / year,"The Master's in Data Science and Advanced Analytics, with a specialization in Data Science at Universidade Nova de Lisboa is aimed at technically oriented people with solid scientific background, who want to strengthen and deepen their skills on the most used paradigms and environments for software development, and apply them to solve complex real-world problems involving vast amounts of data."
Digital Marketing and Analytics,NOVA IMS,"Lisbon, Portugal",2 years,3000 EUR / year,"The Master's Program in Data-Driven Marketing, with a specialization in Digital Marketing and Analytics, at Universidade Nova de Lisboa is aimed at managers, experts and other professionals who want to obtain skills in Digital Marketing and Web Analytics, using the most advanced methodologies for collecting, analyzing and processing data to support decision making in Web Marketing."
Hospitality and Tourism Management,ISCTE Business School | University Institute of Lisbon,"Lisbon, Portugal",2 years,5250 EUR / year,"The MSc in Hospitality and Tourism Management from ISCTE - University Institute of Lisbon is positioned as an option for further studies for all graduates in management, tourism, and related fields."
Marketing Research and CRM,NOVA IMS,"Lisbon, Portugal",2 years,3000 EUR / year,"The Master's Program in Data-Driven Marketing, with a specialization in Marketing Research and CRM, at Universidade Nova de Lisboa, is for managers, experts and other marketing professionals, who wish to obtain and deepen their skills in Marketing Research and CRM, using the most advanced methods of collection, analysis and treatment of information."
Logistics and Supply Chain Management - Management of Services and Technology,ISCTE Business School | University Institute of Lisbon,"Lisbon, Portugal",2 years,5250 EUR / year,"The Master in Management of Services and Technology (MMST) from ISCTE - University Institute of Lisbon is a unique advanced educational programme in Technology and Operations Management (TOM) that focuses on both industry and service domains. This programme aims at developing modern, updated, proactive, accountable and socially responsible managers, specifically focused on business operations."
International Management,ISCTE Business School | University Institute of Lisbon,"Lisbon, Portugal",2 years,7000 EUR / year,The MSc in International Management at ISCTE - University Institute of Lisbon  is one of the leading business schools in Portugal whose faculty members and research continue to appear at the forefront of investigation topics in International Management.
Data Science for Marketing,NOVA IMS,"Lisbon, Portugal",2 years,3000 EUR / year,"The Master's program in Data-Driven Marketing, with a specialization in Data Science for Marketing, at Universidade Nova de Lisboa aims to fill a gap in the postgraduate training of marketing professionals who need to gain new skills to be able to actively participate in the development and application of analytical marketing models. "
Data-Driven Marketing,NOVA IMS,"Lisbon, Portugal",2 years,3000 EUR / year,"The Master's Degree Program in Data-Driven Marketing from NOVA IMS at Universidade Nova de Lisboa aims to train marketing specialists and managers with analytical tools applied in Marketing, to support decision making in this area."
Business Administration,ISCTE Business School | University Institute of Lisbon,"Lisbon, Portugal",2 years,5750 EUR / year,"The MSc in Business Administration at ISCTE - University Institute of Lisbon is a full-time programme designed for students with a bachelor in areas that are not management-related,  that delivers the contents of an MBA to students with little or no work experience whilst also giving the higher academic title."
Information Systems Management,NOVA IMS,"Lisbon, Portugal",1½ year,4000 EUR / year,"The Master's Degree Program in Information Management, with a specialization in Information Systems Management, from Universidade Nova de Lisboa is aimed at those who have roles in Information Systems (IS), namely managers and experts in the coordination and development of IS projects, IT auditing, quality control and strategic management of IS."
Marketing Intelligence,NOVA IMS,"Lisbon, Portugal",2 years,3000 EUR / year,"The Master Program in Data-Driven Marketing, with the specialization in Marketing Intelligence, at Universidade Nova de Lisboa, trains technical and management staff to lead and guide the collection, organization, analysis, exploration, and dissemination of marketing information in organizations."
Digital Transformation,NOVA IMS,"Lisbon, Portugal",1½ year,4000 EUR / year,"The Master's in Information Management, specializing in Digital Transformation from Universidade Nova de Lisboa recognizes the significance of digital transformation in today's business world."
Finance,ISCTE Business School | University Institute of Lisbon,"Lisbon, Portugal",2 years,5950 EUR / year,"The MSc in Finance at ISCTE - University Institute of Lisbon is a full-time, two-year programme (one year of classes and one year for the dissertation) that provides a highly advanced qualification in the finance field. "
Finance,Catholic University of Portugal,"Lisbon, Portugal",1 year,12 450 EUR / year,"The Master in Finance (MIF) offered by the Catholic University of Portugal is designed for experienced professionals who want a high-level career. If you work in the Finance area and wish to advance in your career or change area by deepening your financial knowledge, then the Master in Finance is the program for you."
KinoEyes -The European Film Masters,Lusophone University of Humanities and Technologies,"Lisbon, Portugal",2 years,7500 EUR / year,KinoEyes -The European Film Masters from Lusophone University of Humanities and Technologies seeks to promote new teaching and learning opportunities for learners and teachers in the areas of fiction film making and creativity studies.  
Teaching English and Foreign Languages,University of Porto,"Porto, Portugal",2 years,697 EUR / year,"The Teaching English and Foreign Languages programme of the University of Porto is a second cycle which seeks the acquisition of the necessary pedagogical and scientific skills for teaching in 1st, 2nd and 3rd cycles of basic education and in secondary education, bearing in mind the transformations in society, education and in the technological and scientific evolution."
Bioengineering and Nanosystems,Instituto Superior Técnico,"Lisbon, Portugal",2 years,1060 EUR / year,"The Master in Bioengineering and Nanosystems from Instituto Superior Técnico is intended for graduates in areas related to Bioengineering, namely Biomedical Eng., Biological Eng., Electrical and Computer Eng., Electronics, Chemical Eng. Computing Eng., Engineering Physics, Materials and Mechanical Eng., or Biochemistry and related areas."
Mining and Geological Engineering,Instituto Superior Técnico,"Lisbon, Portugal",2 years,825 EUR / year,"The Master Programme in Mining and Geological Engineering from Instituto Superior Técnico is aimed at graduates in Engineering, namely with curricular paths that include Geology, Mining, Civil, Environment and related areas."
Joint Master Programme in Tribology of Surfaces and Interfaces,University of Coimbra,"Coimbra, Portugal",2 years,4000 EUR / year,Joint Master Programme in Tribology of Surfaces and Interfaces from University of Coimbra introduces you to the science and technology of interacting surfaces in relative motion and of related subjects and practices.
"Child, Family and Inheritance Law",University of Minho,"Braga, Portugal",2 years,1250 EUR / year,"This Child, Family and Inheritance Law Master degree at University of Minho provides basic training to carry out a course of 3rd cycle (PhD) in the same scientific area, or other areas"
Water and Coastal Management (Erasmus Mundus),University of Algarve,"Faro, Portugal",2 years,4000 EUR / year,"The Water and Coastal Management (Erasmus Mundus) programme offered by the University of Algarve objective is to train managers and scientists for Water and Coastal Zone Risk Management, with a solid knowledge of environmental and legal instruments."
Law and Informatics,University of Minho,"Braga, Portugal",2 years,1250 EUR / year,"This Law and Informatics Master degree from University of Minho provides basic training to carry out a course of 3rd cycle (PhD) in the same scientific area, or other areas. "
Statistics,University of Minho,"Guimarães, Portugal",2 years,1250 EUR / year,"We offer a master degree in Statics at University of Minho. Statistics is, nowadays, crucial for the development of the society as regards a large variety of problems, such as the struggle against epidemic diseases, the implementation of new treatment drugs, studies in social sciences, the development of economic models and the dissemination of information in social communication. "
International Master in Mining Engineering,Instituto Superior Técnico,"Lisbon, Portugal",2 years,7000 EUR / year,"The International Master in Mining Engineering is a new Joint Degree Programme between Instituto Superior Técnico (University of Lisbon) and China University of Mining and Technology (Beijing, China)."
Law in a Digital Economy,Catholic University of Portugal,"Lisbon, Portugal",1 year,14 000 EUR / year,"The LL.M. in Law in a Digital Economy at the Catholic University of Portugal is a full-time programme lasting one year. This course is designed to equip students with essential legal knowledge in emerging technologies. It offers a comprehensive understanding of the digital economy's legal landscape, preparing graduates for modern legal challenges."
Biochemistry for Health,Universidade Nova de Lisboa,"Lisbon, Portugal",2 years,1100 EUR / year,The Master Programme in Biochemistry for Health from Universidade Nova de Lisboa provides a critical and analytical perspective of Human Health from a Biochemical point of view. 
Electrical and Computer Engineering,Instituto Superior Técnico,"Lisbon, Portugal",2 years,825 EUR / year,"The Electrical and Computer Engineering programme from Instituto Superior Técnico is intended for graduates in engineering-related areas, namely those with a background in Electronics, Telecommunications, Robotics, Energy, Control and related fields."
Translation and Multilingual Communication,University of Minho,"Braga, Portugal",2 years,1250 EUR / year,We offer a master degree in Translation and Multilingual Communication at University of Minho. This Cycle of Studies meets the training needs of graduates in Applied Languages or of any other discipline with an interest in the professions of the languages. 
Information Systems,University of Minho,"Guimarães, Portugal",2 years,1250 EUR / year,"This Information Systems degree at University of Minho provides basic training to carry out a course of 3rd cycle (PhD) in the same scientific area, or other areas."
Spanish Second Language and Foreign Language,University of Minho,"Braga, Portugal",1½ year,1250 EUR / year,"The Master's degree in Spanish Second Language and Foreign Language at University of Minho (90 ECTS) offers a linguistic, literary, cultural and didactic preparation in Spanish, aiming at a professional practice in Spanish as Foreign Language and scientific initiation in this area. "
Micro and Nano Technologies,University of Minho,"Guimarães, Portugal",2 years,1250 EUR / year,"We offer a master degree in Micro and Nano Technologies at University of Minho. There is a world, invisible to us but fascinating, present in everything that surrounds us. This is the micro and nano scale world. Micro/nano technologies are presently one of the main focus in research, development and innovation activities in all industrialized countries."
Geosciences,University of Minho,"Braga, Portugal",2 years,1250 EUR / year,The Master's degree in Geosciences at University of Minho aims to provide advanced training in emerging Geoscience domains and to create professionals which can act in several areas of the geosciences. 
Archaeology,University of Minho,"Braga, Portugal",2 years,1250 EUR / year,"The Master Degree in Archaeology at the University of Minho represents a learning process in this field, emerged from the need to structure additional training given to the graduation who has an essentially generalist vocation."
Engineering Project Management,University of Minho,"Guimarães, Portugal",2 years,1250 EUR / year,"The Master’s in Engineering Project Management (Mestrado em Gestão de Projetos de Engenharia - MGPE) from University of Minho aims to train professionals of various profiles, prepared to manage technology development and implementation processes of highly complex engineering projects. "
History,University of Minho,"Braga, Portugal",2 years,1250 EUR / year,"The History students at University of Minho who finish the first year of the course having a positive evaluation in all the curricular units, shall be awarded, if required, a ""Certificate of Advanced Studies in History""."
Economics,ISCTE - University Institute of Lisbon,"Lisbon, Portugal",2 years,2900 EUR / year,"This Economics master programme at ISCTE - University Institute of Lisbon is recommended for students with a good technical background who wish to obtain a rigorous, in-depth education in economic theory and policy at the graduate level, to prepare a successful career as professional economists working for central banks, the banking industry, government institutions."
International Management,Catholic University of Portugal,"Lisbon, Portugal",1½ year,10 600 EUR / year,"One of the best master's programs in the world, the International Management at Catholic University of Portugal is a highly selective program with a solid international scope that offers you a high-quality graduate education in business. "
"Biodiversity, Genetics and Evolution",University of Porto,"Porto, Portugal",2 years,1430 EUR / year,"The Master's Degree course in Biodiversity, Genetics and Evolution from Faculty of Sciences, University of Porto offers advanced training for graduates of Biology, Agricultural Science and Veterinary Science, or related fields, who would like to pursue postgraduate education in the field of Biodiversity and Evolutionary Biology, or who are interested in developing or applying that knowledge."
"Coastal Hazards - Risks, Climate Change Impacts and Adaption",University of Algarve,"Faro, Portugal",2 years,9000 EUR / year,"The University of Algarve is a partner in a European consortium with the University of Cantabria (Spain) and the Delft Institute for Water Education (The Netherlands) in the Erasmus Mundus Master in Coastal Hazards - Risks, Climate Change Impacts and Adaption."
Human Resources Management,University of Minho,"Braga, Portugal",1½ year,1250 EUR / year,The Human Resources Management at University of Minho is designed for both highly experienced professionals in the domain of human resources management and those who have recently completed a bachelor degree.
"Monetary, Banking and Financial Economics",University of Minho,"Braga, Portugal",1½ year,1250 EUR / year,"The Monetary, Banking and Financial Economics at University of Minho targets bachelor graduates in Economics, Management and other areas, from national or foreign universities, who wish to improve their understanding of monetary, banking and financial markets."
European Master in Archaeological Materials Science (ARCHMAT),Sapienza University of Rome,Multiple locations,2 years,,"Master in Archaeological Materials Science (ARCHMAT) is  jointly run by the Universidade de Évora (Portugal), Aristotle University of Thessaloniki (Greece), and Sapienza University of Rome (Italy), with a satellite network of Universities, Museums, Research Centres, CSOs, NGOs, and SMEs in Archaeometry sector, as associated partners.  WEBPAGE: www.erasmusmundus-archmat.uevora.pt "
Investment Strategy and Internationalisation,Business & Economics School,"Lisbon, Portugal",2 years,12 727 EUR / year,The Master’s Degree course in Investment Strategy and Internationalisation is an innovative course at Business & Economics School in the international panorama and has been designed for graduate degree holders of different areas who want advanced and in-depth knowledge of International Management.
Chemical Engineering,Instituto Superior Técnico,"Lisbon, Portugal",2 years,825 EUR / year,"The Master's Degree in Chemical Engineering from Instituto Superior Técnico is aimed at graduates in Engineering, namely those with curricular courses in Chemistry, Materials, Biochemistry, Environment, Industrial Management and related areas."
Management of Healthcare Units,University of Minho,"Braga, Portugal",1½ year,1250 EUR / year,"The Management of Healthcare Units at University of Minho intends to equip health professionals with comprehensive management skills, enabling them to intervene more effectively in the context of health public or private organisations."
"Management - Strategy, Entrepreneurship and Impact",Catholic University of Portugal,"Lisbon, Portugal",1½ year,9800 EUR / year,"The MSc in Management - Strategy, Entrepreneurship and Impact at Catholic University of Portugal provides the practical and academic knowledge required for entrepreneurs and high-level careers in Strategy."
Materials Engineering,University of Porto,"Porto, Portugal",2 years,1500 EUR / year,"The Master's Degree in Materials Engineering (M.EMAT) offered by Faculty of Engineering, University of Porto is designed to train graduates for professional careers in any area of Materials Engineering."
Finance,ISCTE - University Institute of Lisbon,"Lisbon, Portugal",2 years,5950 EUR / year,"The MSc in Finance at ISCTE - University Institute of Lisbon is a full-time, two-year programme (one year of classes and one year for the dissertation) that provides a highly advanced qualification in the finance field."
"Literature, Culture and Diversity",University of Madeira,"Funchal, Portugal",2 years,2000 EUR / year,"The cycle of studies of the master's degree in Literature, Culture and Diversity from University of Madeira is comprised of 4 semesters (2 academic years), being the degree awarded to those who obtain 120 ECTS. "
Design,University of Madeira,"Funchal, Portugal",2 years,2000 EUR / year,A practical and collaborative master's program from University of Madeira that aims at Design as a creative agent in the changing world. change towards sustainability.
Communications Engineering and Data Science,Instituto Superior Técnico,"Lisbon, Portugal",2 years,8000 EUR / year,"The M.Sc. in Communications Engineering and Data Science is a two-year programme offered by Instituto Superior Técnico. This joint degree allows students to experience education across multiple European universities, enhancing their academic journey. The programme is designed to provide in-depth knowledge and skills in communications and data science."
Bioengineering Regenerative and Precision Medicine,Instituto Superior Técnico,"Lisbon, Portugal",2 years,1060 EUR / year,"Graduates in Bioengineering Regenerative and Precision Medicine at Instituto Superior Técnico combine aspects of genomics, genetics, nanomedicine, diagnosis, data science and information science to the development of new therapies, devices and systems to improve health care and, therefore, promote the development of society."
Industrial and Scientific Heritage,Universidade Nova de Lisboa,"Lisbon, Portugal",2 years,1250 EUR / year,"The aim of the Master in Industrial and Scientific Heritage program from Universidade Nova de Lisboa is to provide students with integrated skills in the areas of the social sciences and humanities, the conservation and restoration sciences and physical engineering, which will enable them to understand and act on industrial and scientific heritage."
Computer Science and Engineering,Universidade Nova de Lisboa,"Lisbon, Portugal",2 years,1250 EUR / year,"The Master’s in Computer Science and Engineering from Universidade Nova de Lisboa is imed at training Engineers qualified to intervene in the areas of Computer Science and Information Technologies, compatible with the Bologna principles."
Geological Engineering,Universidade Nova de Lisboa,"Lisbon, Portugal",2 years,1500 EUR / year,"The Master in Geological Engineering from Universidade Nova de Lisboa ims to train specialists able to apply engineering solutions, at surface or underground interventions, involving rock mass, soils, groundwater, georesources, and waste, contributing to the development of a sustainable society and adaptation to the climate change."
Regulation and Evaluation of Medicines and Health Products,University of Lisbon,"Lisbon, Portugal",2 years,4500 EUR / year,"This Regulation and Evaluation of Medicines and Health Products course from University of Lisbon aims to increase de knowledge on all the regulatory aspects, laws and directives, science based approaches on the Marketing authorisation in European Union for Medicinal Human Medicines and Veterinary Medicines."
Mechanical Engineering,Universidade Nova de Lisboa,"Lisbon, Portugal",2 years,1250 EUR / year,"The main objective of the Master of Science in Mechanical Engineering from Universidade Nova de Lisboa is to teach Engineers to: investigate, design, optimise, manufacture, implement, operate, maintain and manage several complex and high-added value mechanical and electromechanical systems. "
WAVES,University of Coimbra,"Coimbra, Portugal",2 years,1240 EUR / year,"The program WAVES (Waves, Acoustics, Vibrations, Engineering and Sound) from University of Coimbra is a two-year international Master course fully taught in English, awarding multiple national Master degrees and a Joint Diploma Supplement with the support of the Erasmus Mundus Program of the European Union."
Cybersecurity Management,Porto Business School,"Senhora da Hora, Portugal",1 year,7500 EUR / year,This Cybersecurity Management course from Porto Business School makes participants valuable assets for organizations.
"Modern Literatures, Arts and Cultures",University of Lisbon,"Lisbon, Portugal",2 years,1200 EUR / year,"This Modern Literatures, Arts and Cultures course from University of Lisbon intends to unify the postgraduate study of foreign literatures, arts and cultures."
Biostatistics,University of Lisbon,"Lisbon, Portugal",2 years,1060 EUR / year,The Master's in Biostatistics from University of Lisbon is intended to respond to the need for scientists in Biostatistics to support research at the highest level in the following areas of Health Sciences and Biology.
Management,School of Economics and Management - University of Porto,"Porto, Portugal",2 years,1500 EUR / year,"The Management programme from University of Porto trains its students to be active participants in a global world, offering their students the opportunity to gain international experience throughout the course."
Finance,School of Economics and Management - University of Porto,"Porto, Portugal",2 years,1500 EUR / year,"The Master in Finance at University of Porto is an international specialized pre-experience programme, totally taught in English, with contents that are recognized by the CFA Institute. "
Chemical Engineering,Polytechnic Institute of Bragança,"Bragança, Portugal",2 years,1441 EUR / year,"The degree of ""mestre"" (master) in Chemical Engineering at the Polytechnic Institute of Bragança belongs to the education and training area of Technologies. Graduates are specialized to develop a professional activity within the profile of the programme."
Energy Engineering and Management,Instituto Superior Técnico,"Lisbon, Portugal",2 years,1060 EUR / year,"The MSc in Energy Engineering and Management from Instituto Superior Técnico is intended for graduates in engineering-related areas, namely those with curricular paths in Energy, Electrical Engineering, Chemistry, Mechanics and related areas, but also for professionals in the energy sector."
Information Systems and Computer Engineering,Instituto Superior Técnico,"Lisbon, Portugal",2 years,7000 EUR / year,"The experts holding an MSc degree in Information Systems and Computer Engineering from Instituto Superior Técnico will be able to analyse, develop and implement complex information systems, in distributed and heterogeneous environments, in permanent technological mutation, which characterize the current information-based society. "
International Business,Polytechnic of Leiria,"Leiria, Portugal",2 years,1140 EUR / year,"The Master in International Business at Polytechnic of Leiria targets allowing graduate students to continue studying emphasizing international business, to improve their employability in firms and public organizations, as well as promoting the economy – namely in the international dimension – through foreign trade and foreign investment. "
Molecular Science and Engineering,Instituto Superior Técnico,"Lisbon, Portugal",2 years,1060 EUR / year,"The Molecular Science and Engineering programme from Instituto Superior Técnico is aimed at graduates in Chemistry, Chemical Engineering, Biochemistry, Materials and related fields."
Information Systems,Polytechnic Institute of Bragança,"Bragança, Portugal",2 years,1441 EUR / year,"The degree of ""mestre"" (master) in Information Systems at the Polytechnic Institute of Bragança belongs to the education and training area of Technologies. Graduates are specialized to develop a professional activity within the profile of the programme."
"English Language, Literature and Culture",University of Minho,"Braga, Portugal",2 years,1250 EUR / year,"The Master's degree in English Language, Literature and Culture of the University of Minho offers a solid and multidisciplinary education about the Anglosphere."
"Intercultural Studies in Portuguese and Chinese - Translation, Education and Communication",University of Minho,"Braga, Portugal",2 years,1250 EUR / year,"We offer a master degree in Intercultural Studies in Portuguese and Chinese - Translation, Education and Communication at University of Minho. The target audience of this Course is Portuguese bachelors in Chinese/Asian studies, with an official certificate of Chinese HSK IV, as well as Chinese students with a bachelor’s degree in Portuguese Studies, with a B2 level of Portuguese."
Food Science and Technology,University of Minho,"Braga, Portugal",2 years,1250 EUR / year,"The Food Science and Technology programme was created jointly by the University of Minho (UMinho), through the Department of Biological Engineering School of Engineering (DEB-EEUM) and the University of Porto (UP), through the Faculty of Sciences (FC-UP). "
Human Engineering,University of Minho,"Guimarães, Portugal",3 years,1250 EUR / year,"The techno-scientific field of Human Engineering at University of Minho, or human factors engineering, is now recognized as an important element of a modern and efficient industrial management. "
Product Engineering,University of Minho,"Guimarães, Portugal",2 years,1250 EUR / year,"The concept of MEPRO is innovative both in the structure and in the content. The course from University of Minho is structured in a backbone based on Integrated Laboratories (LI) over the semesters, where the activities of Product Engineering are developed based on projects."
Product Design,ESAD - College of Arts and Design,"Senhora da Hora, Portugal",2 years,5160 EUR / year,"The MA Product Design course at ESAD - College of Arts and Design engages real world challenges to educate the next generation of product design-thinkers, through advanced levels of creative discourse and technical abilities to create innovative products with contextual insight and empathy."
Psychology of Justice,Lusophone University of Humanities and Technologies,"Lisbon, Portugal",2 years,710 EUR / year,"At Psychology of Justice from Lusophone University of Humanities and Technologies main objective is training students on advanced skills of observation, evaluation and psychological intervention in the Psychology of Justice, specifically, with victims, offenders and groups at risk.  "
Applied Biochemistry,University of Minho,"Braga, Portugal",2 years,1250 EUR / year,"The Master´s Degree in Applied Biochemistry at University of Minho aims to form professionals with advanced knowledge in the area of Biochemistry and its applications. Biochemistry is an independent science and today has a vast range of applications, from the health sciences to industry including analytical methods. "
Health Sciences,University of Minho,"Braga, Portugal",2 years,1250 EUR / year,The master in Health Sciences at University of Minho targets students with a previous background in sciences and has a duration of two years (120 ECTS) full-time. 
Quality in Analytical Laboratories,University of Algarve,"Faro, Portugal",2 years,4500 EUR / year,"Quality in Analytical Laboratories is a master course at University of Algarve for laboratory managers and scientists who wish to implement and manage Quality Systems in analytical laboratories, or work in Quality System environments in accredited analytical laboratories."
Special Education,University of Minho,"Braga, Portugal",2 years,1250 EUR / year,"This Special Education master degree at University of Minho provides basic training to carry out a course of 3rd cycle (PhD) in the same scientific area, or other areas."
Engineering and Quality Management,University of Minho,"Guimarães, Portugal",2 years,1250 EUR / year,The Master course in Engineering and Quality Management at University of Minho provides a range of solid and comprehensive training in an area of great importance to various sectors of activity that is not commonly covered by traditional university training. 
Political Economy,ISCTE - University Institute of Lisbon,"Lisbon, Portugal",2 years,2500 EUR / year,The master in Political Economy at ISCTE - University Institute of Lisbon is distinguished by the particular attention it pays to the analysis of contemporary economic issues with a high social impact.
Aerospace Engineering,Instituto Superior Técnico,"Lisbon, Portugal",2 years,825 EUR / year,"The Integrated MSc programme in Aerospace Engineering from Instituto Superior Técnico is intended for graduates in areas related to Engineering, namely those with a background in Mechanics, Electronics and related areas."
Territorial Management and Urban Studies,Instituto Superior Técnico,"Lisbon, Portugal",2 years,1200 EUR / year,"The Territorial Management and Urban Studies degree is a joint initiative of Instituto Superior Técnico, the Faculty of Architecture and the Institute of Geography and Spatial Planning (IGOT) of the University of Lisbon."
Chemistry,Universidade de Aveiro,"Aveiro, Portugal",2 years,1000 EUR / year,"This MSc course in Chemistry from Universidade de Aveiro  designed to provide graduates holding a Bachelor’s degree in Chemistry or related fields with a solid, multidisciplinary, and flexible education."
Physics,Universidade de Aveiro,"Aveiro, Portugal",2 years,1000 EUR / year,"The objective of this 2nd Cycle programme in Physics at Universidade de Aveiro is to provide high quality studies in advanced Physics topics in areas such as advanced quantum mechanics, quantum technologies, nanoscience and nanotechnology, optics and photonics, particle physics, etc."
Mechanical Engineering,Instituto Superior Técnico,"Lisbon, Portugal",2 years,825 EUR / year,"The MSc Programme in Mechanical Engineering at Instituto Superior Técnico is aimed at graduates in Engineering, namely Mechanics, Aerospace, Naval, Materials and related areas."
Business and Management,University of Minho,"Braga, Portugal",1½ year,1250 EUR / year,"The Master in Business and Management at University of Minho offers a wide education in Management. It covers the full range of management disciplines: accounting, finance, marketing and strategy, operations management and human resource management. "
Computer Science and Engineering,Instituto Superior Técnico,"Lisbon, Portugal",2 years,825 EUR / year,"The MSc programme in Computer Science and Engineering from Instituto Superior Técnico is intended for graduates in areas associated with Engineering, namely those who have a background in Computing, Mathematics, Telecommunications and related areas."
International Studies,ISCTE - University Institute of Lisbon,"Lisbon, Portugal",2 years,2500 EUR / year,"The Master in International Studies at the ISCTE - University Institute of Lisbon is organized according to a multidisciplinary perspective, integrating courses from International Relations, History, Economy, International Management, Sociology and Anthropology."
Management of Human Potential,Business & Economics School,"Lisbon, Portugal",2 years,12 727 EUR / year,"This Management of Human Potential program at Business & Economics School will give students the capacity to develop a global vision and integrated skills to manage human capital. In addition, they will be presented with a set of tools and techniques critical for the management and efficacious appraisal of personnel."
Bioinformatics,University of Minho,"Braga, Portugal",2 years,1250 EUR / year,We offer a master degree in Bioinformatics at University of Minho. The sequencing process of the human genome constituted a very significant landmark in the history of science during the last century. 
Interior Design,ESAD - College of Arts and Design,"Senhora da Hora, Portugal",2 years,5160 EUR / year,The goal of the Master’s Degree in Interior Design at ESAD - College of Arts and Design is to develop project expertise in order to enable a response to the many expectations and desires of the designed spaces future users.
Judiciary Law (Procedural Law and Judicial Organization),University of Minho,"Braga, Portugal",2 years,1250 EUR / year,"This Judiciary Law (Procedural Law and Judicial Organization) Master degree from University of Minho provides basic training to carry out a course of 3rd cycle (PhD) in the same scientific area, or other areas. "
Chemical Analysis and Characterisation Techniques,University of Minho,"Braga, Portugal",2 years,1250 EUR / year,"We offer a master degree in Chemical Analysis and Characterisation Techniques at University of Minho. Chemical analyses and characterisation techniques have an important role in the advance of science and technology in areas as diverse as food quality control, environment, research and in several industries, not only in the field of chemistry, but also in biochemistry and materials science."
Sciences of Language,University of Minho,"Braga, Portugal",2 years,1250 EUR / year,"The Sciences of Language at University of Minho aims to provide a solid background in General Linguistics and Portuguese Linguistics, thus acting as a complement to the 1st cycle of studies in Portuguese Studies or Modern Languages."
"Marine, Biodiversity, Fisheries and Conservation",University of Algarve,"Faro, Portugal",2 years,1100 EUR / year,"The Master in Marine, Biodiversity, Fisheries and Conservation, at University of Algarve, in partnership with the Algarve Centre of Marine Sciences (CCMAR), is the first professional master's degree in this area in Portugal. "
Biotechnology,University of Algarve,"Faro, Portugal",2 years,1100 EUR / year,"The Biotechnology MSc at the University of Algarve's Faculdade de Ciências e Tecnologia,  provides advanced level training in Biotechnology, Biological and Biochemical Engineering.      "
Hotel Management - Sales and Marketing (Evening Classes),Polytechnic of Porto,"Porto, Portugal",2 years,3500 EUR / year,"The Master Degree in Hotel Management - Sales and Marketing (Evening Classes) from Polytechnic of Porto has the main objective of providing training in hotel management so as to meet the present needs of the industry. It will do so based on applied research, which in turn will produce knowledge, solutions and applications for this area."
Entrepreneurship and Innovation,Polytechnic Institute of Bragança,"Bragança, Portugal",2 years,1441 EUR / year,Entrepreneurship and Innovation at the Polytechnic Institute of Bragança comprises the development of the technical-scientific knowledge and professional specialized skills in the study areas of Business Sciences
Science and Technology for the Cultural Heritage,Instituto Superior Técnico,"Lisbon, Portugal",2 years,1060 EUR / year,"The M.Sc. in Science and Technology for the Cultural Heritage at Instituto Superior Técnico is a two-year programme designed to equip students with the skills to preserve and analyse cultural heritage. This master's degree combines scientific principles with cultural studies, ensuring a comprehensive understanding of heritage preservation techniques."
Preschool and Primary School Education,University of Madeira,"Funchal, Portugal",2 years,2000 EUR / year,"This cycle of studies in Preschool and Primary School Education from University of Madeira has recently been reformulated based on the Decree-law 79/2014 of 14th of May and its main aim is to prepare students to practice in the teaching field (as a Primary School or kindergarten teacher), supported by the knowledge brought from the 1st cycle of studies in Basic Education (Undergraduate degree)."
Applied Mathematics and Computation,Instituto Superior Técnico,"Lisbon, Portugal",2 years,7000 EUR / year,"Applied Mathematics and Computation master degree at Instituto Superior Técnico models systems from different technological areas and develops mathematical solutions that help their study or optimization, putting them into practice with the help of computational tools."
Medical Microbiology,Universidade Nova de Lisboa,"Lisbon, Portugal",2 years,2500 EUR / year,The general objective of the Master in Medical Microbiology from Universidade Nova de Lisboa is to train students to become experts in the field. 
International Cybersecurity and Cyberintelligence,University of Minho,"Braga, Portugal",2 years,4000 EUR / year,"The International Cybersecurity and Cyberintelligence program from University of Minho offers specialised academic education in Cybersecurity, Cyberintelligence and International Relations and Law for Cybersecurity"
Applied Biology,University of Madeira,"Funchal, Portugal",2 years,2000 EUR / year,"This cycle of studies is in accordance with the guidelines of the European Education model, as agreed in Bologna. In order to obtain the title of Master of Applied Biology from University of Madeira, candidates must obtain 120 ECTS, which to full-time students corresponds to 4 semesters (2 academic years)."
"Humanitarian Action, Cooperation, and Development (E-learning)",University Fernando Pessoa,"Porto, Portugal",1½ year,,"The Humanitarian Action, Cooperation, and Development (E-learning) course from University Fernando Pessoa provides specialized skills and knowledge. Upon completing the program, you will gain a thorough understanding of regional, national, and international humanitarian issues that are happening in the world today."
Hotel Management,University of Madeira,"Funchal, Portugal",2 years,3000 EUR / year,"The study cycle aimed at obtaining a Master's degree in Hotel Management from University of Madeira comprises 4 semesters (2 academic years), with the degree being awarded to those who obtain 120 ECTS."
"Marine Living Resources - Science, Technology and Society",Universidade Nova de Lisboa,"Lisbon, Portugal",1½ year,1250 EUR / year,"The Master Marine Living Resources - Science, Technology and Society from Universidade Nova de Lisboa aims to deliver skilled professionals with a broad multi- and interdisciplinary view of fundamental and applied areas, namely those related to the ecological, technological, political and sociocultural aspects of the primary sector of the Blue Economy."
Resilience in Education,University of Lisbon,"Lisbon, Portugal",2 years,2400 EUR / year,The Resilience in Education master from University of Lisbon provides training to practitioners and educators in promoting and building resilience in educational contexts at various levels through a systemic and interdisciplinary approach.
Management and Industrial Strategy,University of Lisbon,"Lisbon, Portugal",2 years,4850 EUR / year,"The main goal of the Management and Industrial Strategy from University of Lisbon is to teach professional managers strategies for innovation, production, and operations in order to prepare them to face the organisational challenges of the new economy and the ensuing technological transformations. "
Applied Econometrics and Forecasting,University of Lisbon,"Lisbon, Portugal",2 years,3100 EUR / year,"The Masters in Applied Econometrics and Forecasting from University of Lisbon, created in 2002, is specifically designed for professionals who know the importance of always keeping up-to-date and recent graduates looking to acquire some technical expertise."
Data Science,University of Lisbon,"Lisbon, Portugal",2 years,1500 EUR / year,"The Master of Science in Data Science at the University of Lisbon is designed for students with a background in Science and Engineering. This programme spans four semesters, providing comprehensive training in data analysis and processing, preparing graduates for a growing demand in the data science field."
Accounting,University of Lisbon,"Lisbon, Portugal",1½ year,4850 EUR / year,"This Accounting Masters from University of Lisbon can be a great jumpstart to your career as an accountant, auditor, consultant, or chief financial officer."
Tech Leadership and Management,Porto Business School,"Senhora da Hora, Portugal",1 year,7500 EUR / year,Open new horizons for your career and organization in the digital world with the Tech Leadership and Management course from Porto Business School.
Mathematics,University of Lisbon,"Lisbon, Portugal",2 years,980 EUR / year,"The faculty at the Department of Mathematics at University of Lisbon has a large experience in in teaching and supervising postgraduate studies and is very active in research, in cooperation with the international-level research centres with which they are associated."
"Data Science, Business Analytics and AI",Porto Business School,"Senhora da Hora, Portugal",1 year,7500 EUR / year,"This Data Science, Business Analytics and AI course from Porto Business School empowers professionals with the fundamental skills in Data Science and Artificial Intelligence, enabling them to help their organizations become data-driven businesses"
