Institution;GoogleMaps;;
Instituto Politécnico da Lusofonia - Escola Superior de Saúde Ribeiro Sanches;http://maps.google.pt/maps?z=20&t=k&q=loc:38.74674+-9.100184;;
Universidade Católica Portuguesa - Faculdade de Ciências Económicas e Empresariais;;;
Universidade de Aveiro;http://maps.google.pt/maps?z=20&t=k&q=loc:40.63118+-8.657394;;
Universidade de Coimbra - Faculdade de Direito;http://maps.google.pt/maps?z=20&t=k&q=loc:40.20785+-8.425645;;
Universidade de Lisboa - Instituto Superior de Ciências Sociais e Políticas;http://maps.google.pt/maps?z=20&t=k&q=loc:38.71306+-9.198223;;
Universidade do Minho;http://maps.google.pt/maps?z=20&t=k&q=loc:41.33284+-8.253481;;
Instituto Politécnico de Castelo Branco - Escola Superior de Gestão de Idanha-a-Nova;http://maps.google.pt/maps?z=20&t=k&q=loc:39.9225+-7.242491;;
Instituto Politécnico de Leiria - Escola Superior de Tecnologia e Gestão;http://maps.google.pt/maps?z=20&t=k&q=loc:39.73444+-8.821389;;
Instituto Politécnico de Portalegre - Escola Superior de Tecnologia, Gestão e Design;http://maps.google.pt/maps?z=20&t=k&q=loc:39.26868+-7.4425;;
Universidade do Algarve - Faculdade de Ciências e Tecnologia;http://maps.google.pt/maps?z=20&t=k&q=loc:37.04408+-7.972222;;
Universidade de Évora - Escola de Ciências e Tecnologia;http://maps.google.pt/maps?z=20&t=k&q=loc:38.56832+-7.910306;;
Universidade de Trás-os-Montes e Alto Douro - Escola de Ciências Agrárias e Veterinárias;http://maps.google.pt/maps?z=20&t=k&q=loc:41.28739+-7.738986;;
Instituto Politécnico de Beja - Escola Superior Agrária;http://maps.google.pt/maps?z=20&t=k&q=loc:38.01277+-7.872949;;
Instituto Politécnico de Castelo Branco - Escola Superior Agrária de Castelo Branco;http://maps.google.pt/maps?z=20&t=k&q=loc:39.82086+-7.46249;;
Instituto Politécnico de Coimbra - Escola Superior Agrária de Coimbra;http://maps.google.pt/maps?z=20&t=k&q=loc:40.21421+-8.450982;;
Instituto Politécnico de Portalegre - Escola Superior de Biociências de Elvas;http://maps.google.pt/maps?z=20&t=k&q=loc:38.8809+-7.167167;;
Instituto Politécnico de Santarém - Escola Superior Agrária de Santarém;http://maps.google.pt/maps?z=20&t=k&q=loc:39.24965+-8.697347;;
Instituto Politécnico de Viana do Castelo - Escola Superior Agrária;http://maps.google.pt/maps?z=20&t=k&q=loc:41.79271+-8.54231;;
Universidade Europeia;http://maps.google.pt/maps?z=20&t=k&q=loc:38.77668+-9.193758;;
Instituto Politécnico de Viana do Castelo - Escola Superior de Desporto e Lazer;http://maps.google.pt/maps?z=20&t=k&q=loc:42.11456+-8.257095;;
Instituto Politécnico de Bragança - Escola Superior de Educação de Bragança;http://maps.google.pt/maps?z=20&t=k&q=loc:41.7977+-6.7672;;
Universidade de Trás-os-Montes e Alto Douro - Escola de Ciências Humanas e Sociais;http://maps.google.pt/maps?z=20&t=k&q=loc:41.28739+-7.738986;;
Instituto Politécnico da Guarda - Escola Superior de Educação, Comunicação e Desporto;http://maps.google.pt/maps?z=20&t=k&q=loc:40.54139+-7.28329;;
Instituto Politécnico de Lisboa - Escola Superior de Educação;http://maps.google.pt/maps?z=20&t=k&q=loc:38.74616+-9.195106;;
Instituto Politécnico de Setúbal - Escola Superior de Educação;http://maps.google.pt/maps?z=20&t=k&q=loc:38.51978+-8.838278;;
ISCE - Instituto Superior de Lisboa e Vale do Tejo;http://maps.google.pt/maps?z=20&t=k&q=loc:38.8064+-9.191853;;
Instituto Politécnico de Coimbra - Escola Superior de Educação de Coimbra;http://maps.google.pt/maps?z=20&t=k&q=loc:40.20522+-8.405957;;
Instituto Politécnico de Leiria - Escola Superior de Turismo e Tecnologia do Mar;http://maps.google.pt/maps?z=20&t=k&q=loc:39.36472+-9.403056;;
ISCTE - Instituto Universitário de Lisboa;http://maps.google.pt/maps?z=20&t=k&q=loc:38.74875+-9.153692;;
Universidade de Coimbra - Faculdade de Ciências e Tecnologia;http://maps.google.pt/maps?z=20&t=k&q=loc:40.18623+-8.412266;;
Universidade Nova de Lisboa - Faculdade de Ciências Sociais e Humanas;http://maps.google.pt/maps?z=20&t=k&q=loc:38.74025+-9.151129;;
Universidade de Coimbra - Faculdade de Letras;http://maps.google.pt/maps?z=20&t=k&q=loc:40.20647+-8.428684;;
Universidade de Lisboa - Faculdade de Letras;http://maps.google.pt/maps?z=20&t=k&q=loc:38.75359+-9.157651;;
Universidade do Porto - Faculdade de Letras;http://maps.google.pt/maps?z=20&t=k&q=loc:41.15155+-8.63262;;
Universidade da Beira Interior;http://maps.google.pt/maps?z=20&t=k&q=loc:40.27736+-7.508574;;
Universidade de Évora - Escola de Artes;http://maps.google.pt/maps?z=20&t=k&q=loc:38.56902+-7.911873;;
Universidade de Lisboa - Faculdade de Arquitetura;http://maps.google.pt/maps?z=20&t=k&q=loc:38.71291+-9.193281;;
Universidade de Lisboa - Instituto Superior Técnico;http://maps.google.pt/maps?z=20&t=k&q=loc:38.73688+-9.13691;;
Universidade do Porto - Faculdade de Arquitetura;http://maps.google.pt/maps?z=20&t=k&q=loc:41.14992+-8.63601;;
Escola Superior Artística do Porto;;;
Instituto Superior Manuel Teixeira Gomes;http://maps.google.pt/maps?z=20&t=k&q=loc:37.14078+-8.535942;;
Universidade Autónoma de Lisboa Luís de Camões;http://maps.google.pt/maps?z=20&t=k&q=loc:38.72433+-9.14589;;
Universidade Fernando Pessoa;http://maps.google.pt/maps?z=20&t=k&q=loc:41.17292+-8.611185;;
Universidade Lusíada - Centro Universitário Lusíada - Lisboa;http://maps.google.pt/maps?z=20&t=k&q=loc:38.69799+-9.192036;;
Universidade Lusíada - Centro Universitário Lusíada - Norte - Porto;http://maps.google.pt/maps?z=20&t=k&q=loc:41.1687+-8.661802;;
Universidade Lusíada - Centro Universitário Lusíada - Norte - Vila Nova de Famalicão;http://maps.google.pt/maps?z=20&t=k&q=loc:41.41021+-8.522896;;
Universidade de Lisboa - Instituto Superior de Agronomia;http://maps.google.pt/maps?z=20&t=k&q=loc:38.70623+-9.182634;;
Universidade do Porto - Faculdade de Ciências;http://maps.google.pt/maps?z=20&t=k&q=loc:41.15242+-8.637816;;
Universidade Portucalense Infante D. Henrique;http://maps.google.pt/maps?z=20&t=k&q=loc:41.18032+-8.605047;;
Universidade Católica Portuguesa - Escola das Artes;;;
Universidade de Lisboa - Faculdade de Belas-Artes;http://maps.google.pt/maps?z=20&t=k&q=loc:38.70903+-9.156942;;
Universidade da Maia;http://maps.google.pt/maps?z=20&t=k&q=loc:41.26779+-8.617047;;
Instituto Politécnico de Viana do Castelo - Escola Superior de Educação;http://maps.google.pt/maps?z=20&t=k&q=loc:41.70303+-8.820739;;
Escola Superior de Artes e Design;http://maps.google.pt/maps?z=20&t=k&q=loc:41.18464+-8.662266;;
Instituto Politécnico de Viseu - Escola Superior de Educação de Viseu;http://maps.google.pt/maps?z=20&t=k&q=loc:40.66005+-7.913927;;
Universidade do Porto - Faculdade de Belas-Artes;http://maps.google.pt/maps?z=20&t=k&q=loc:41.14566+-8.600771;;
Instituto Politécnico de Leiria - Escola Superior de Artes e Design;http://maps.google.pt/maps?z=20&t=k&q=loc:39.39528+-9.135278;;
Universidade do Algarve - Faculdade de Ciências Humanas e Sociais;http://maps.google.pt/maps?z=20&t=k&q=loc:37.04408+-7.972222;;
Universidade da Madeira - Faculdade de Artes e Humanidades;http://maps.google.pt/maps?z=20&t=k&q=loc:32.65928+-16.9251;;
Instituto Politécnico do Porto - Escola Superior de Educação;http://maps.google.pt/maps?z=20&t=k&q=loc:41.1799+-8.598137;;
Instituto Politécnico de Coimbra - Instituto Superior de Contabilidade e Administração de Coimbra;http://maps.google.pt/maps?z=20&t=k&q=loc:42.12346+-8.27082;;
Instituto Politécnico do Porto - Instituto Superior de Contabilidade e Administração do Porto;http://maps.google.pt/maps?z=20&t=k&q=loc:41.18986+-8.598206;;
Instituto Politécnico de Santarém - Escola Superior de Desporto de Rio Maior;http://maps.google.pt/maps?z=20&t=k&q=loc:39.345+-8.933;;
Instituto Superior de Ciências Educativas do Douro;http://maps.google.pt/maps?z=20&t=k&q=loc:41.12039+-8.172403;;
Instituto Politécnico de Coimbra - Escola Superior de Tecnologia da Saúde de Coimbra;http://maps.google.pt/maps?z=20&t=k&q=loc:40.19915+-8.461344;;
Instituto Politécnico do Porto - Escola Superior de Saúde;http://maps.google.pt/maps?z=20&t=k&q=loc:41.17779+-8.60693;;
Instituto Politécnico de Beja - Escola Superior de Educação;http://maps.google.pt/maps?z=20&t=k&q=loc:38.01385+-7.874671;;
Instituto Politécnico de Lisboa - Escola Superior de Comunicação Social;http://maps.google.pt/maps?z=20&t=k&q=loc:38.74665+-9.19476;;
Instituto Politécnico da Lusofonia - Escola Superior de Engenharia e Tecnologias;http://maps.google.pt/maps?z=20&t=k&q=loc:38.74674+-9.100184;;
Universidade de Aveiro - Escola Superior de Design, Gestão e Tecnologia da Produção de Aveiro-Norte;http://maps.google.pt/maps?z=20&t=k&q=loc:40.86214+-8.476327;;
Universidade do Porto - Faculdade de Engenharia;http://maps.google.pt/maps?z=20&t=k&q=loc:41.1781+-8.598157;;
Universidade de Trás-os-Montes e Alto Douro - Escola de Ciências da Vida e do Ambiente;http://maps.google.pt/maps?z=20&t=k&q=loc:41.28739+-7.738986;;
Instituto Politécnico de Coimbra - Instituto Superior de Engenharia de Coimbra;http://maps.google.pt/maps?z=20&t=k&q=loc:40.1929+-8.412338;;
Universidade Católica Portuguesa - Escola Superior de Biotecnologia;http://maps.google.pt/maps?z=20&t=k&q=loc:41.15398+-8.673013;;
Instituto Politécnico de Setúbal - Escola Superior de Tecnologia do Barreiro;http://maps.google.pt/maps?z=20&t=k&q=loc:38.65239+-9.04896;;
Universidade dos Açores - Faculdade de Ciências e Tecnologia;http://maps.google.pt/maps?z=20&t=k&q=loc:37.74605+-25.66378;;
Universidade de Lisboa - Faculdade de Ciências;http://maps.google.pt/maps?z=20&t=k&q=loc:38.75676+-9.155387;;
Universidade da Madeira - Faculdade de Ciências da Vida;http://maps.google.pt/maps?z=20&t=k&q=loc:32.65928+-16.9251;;
ISPA - Instituto Universitário de Ciências Psicológicas, Sociais e da Vida;http://maps.google.pt/maps?z=20&t=k&q=loc:38.71216+-9.125942;;
Instituto Politécnico de Bragança - Escola Superior Agrária de Bragança;http://maps.google.pt/maps?z=20&t=k&q=loc:41.79774+-6.767192;;
Universidade Nova de Lisboa - Faculdade de Ciências e Tecnologia;http://maps.google.pt/maps?z=20&t=k&q=loc:38.66165+-9.206682;;
Universidade de Coimbra - Faculdade de Ciências e Tecnologia (Campus Figueira da Foz);http://maps.google.pt/maps?z=20&t=k&q=loc:40.1528+-8.858626;;
Universidade da Madeira - Faculdade de Ciências Exatas e da Engenharia;http://maps.google.pt/maps?z=20&t=k&q=loc:32.65928+-16.9251;;
Instituto Politécnico do Porto - Instituto Superior de Engenharia do Porto;http://maps.google.pt/maps?z=20&t=k&q=loc:41.17834+-8.606863;;
Instituto Politécnico de Viseu - Escola Superior Agrária de Viseu;http://maps.google.pt/maps?z=20&t=k&q=loc:40.64135+-7.910146;;
Instituto Politécnico da Guarda - Escola Superior de Saúde da Guarda;http://maps.google.pt/maps?z=20&t=k&q=loc:40.52968+-7.276771;;
Escola Superior de Saúde da Cruz Vermelha Portuguesa - Lisboa;http://maps.google.pt/maps?z=20&t=k&q=loc:38.71442+-9.176041;;
Universidade de Trás-os-Montes e Alto Douro - Escola de Ciências e Tecnologia;http://maps.google.pt/maps?z=20&t=k&q=loc:41.28739+-7.738986;;
;;;
Universidade Nova de Lisboa - Instituto Superior de Estatística e Gestão de Informação;http://maps.google.pt/maps?z=20&t=k&q=loc:38.73236+-9.160044;;
Universidade Católica Portuguesa - Faculdade de Filosofia e Ciências Sociais;;;
Instituto Politécnico da Guarda - Escola Superior de Tecnologia e Gestão;http://maps.google.pt/maps?z=20&t=k&q=loc:40.54139+-7.28329;;
Universidade Católica Portuguesa - Instituto de Estudos Políticos;;;
ISEC Lisboa - Instituto Superior de Educação e Ciências;http://maps.google.pt/maps?z=20&t=k&q=loc:38.76894+-9.15895;;
Universidade dos Açores - Faculdade de Ciências Agrárias e do Ambiente;http://maps.google.pt/maps?z=20&t=k&q=loc:38.6585+-27.234;;
Universidade de Coimbra - Faculdade de Farmácia;http://maps.google.pt/maps?z=20&t=k&q=loc:40.21968+-8.418132;;
Universidade do Algarve - Faculdade de Medicina e Ciências Biomédicas;http://maps.google.pt/maps?z=20&t=k&q=loc:37.04408+-7.972222;;
Instituto Universitário de Ciências da Saúde - CESPU;http://maps.google.pt/maps?z=20&t=k&q=loc:41.18351+-8.445928;;
Instituto Universitário Egas Moniz;http://maps.google.pt/maps?z=20&t=k&q=loc:38.6669+-9.200091;;
Universidade Católica Portuguesa - Faculdade de Medicina Dentária;http://maps.google.pt/maps?z=20&t=k&q=loc:40.6537+-7.9062;;
Instituto Politécnico de Bragança - Escola Superior de Saúde de Bragança;http://maps.google.pt/maps?z=20&t=k&q=loc:41.80336+-6.76559;;
Instituto Politécnico de Castelo Branco - Escola Superior de Saúde Dr. Lopes Dias;http://maps.google.pt/maps?z=20&t=k&q=loc:39.82057+-7.51405;;
Instituto Politécnico de Lisboa - Escola Superior de Tecnologia da Saúde de Lisboa;http://maps.google.pt/maps?z=20&t=k&q=loc:38.77607+-9.097442;;
Universidade do Algarve - Escola Superior de Saúde;http://maps.google.pt/maps?z=20&t=k&q=loc:37.04394+-7.972298;;
Escola Superior de Saúde Egas Moniz;http://maps.google.pt/maps?z=20&t=k&q=loc:38.6669+-9.200091;;
Escola Superior de Saúde da Fundação «Fernando Pessoa»;http://maps.google.pt/maps?z=20&t=k&q=loc:41.17316+-8.608274;;
Universidade de Évora - Escola de Saúde e Desenvolvimento Humano;http://maps.google.pt/maps?z=20&t=k&q=loc:38.56832+-7.910306;;
Escola Universitária Vasco da Gama;http://maps.google.pt/maps?z=20&t=k&q=loc:40.23515+-8.415624;;
Universidade do Algarve - Escola Superior de Educação e Comunicação;http://maps.google.pt/maps?z=20&t=k&q=loc:37.02903+-7.922722;;
Universidade de Coimbra - Faculdade de Ciências do Desporto e Educação Física;http://maps.google.pt/maps?z=20&t=k&q=loc:40.20711+-8.436049;;
Universidade de Lisboa - Faculdade de Motricidade Humana;http://maps.google.pt/maps?z=20&t=k&q=loc:38.70524+-9.25235;;
Universidade do Porto - Faculdade de Desporto;http://maps.google.pt/maps?z=20&t=k&q=loc:41.17864+-8.600067;;
Universidade de Coimbra - Faculdade de Psicologia e de Ciências da Educação;http://maps.google.pt/maps?z=20&t=k&q=loc:40.21036+-8.427611;;
Universidade de Évora - Escola de Ciências Sociais;http://maps.google.pt/maps?z=20&t=k&q=loc:38.57381+-7.906329;;
Universidade da Madeira - Faculdade de Ciências Sociais;http://maps.google.pt/maps?z=20&t=k&q=loc:32.65928+-16.9251;;
Universidade do Porto - Faculdade de Psicologia e de Ciências da Educação;http://maps.google.pt/maps?z=20&t=k&q=loc:41.17554+-8.604519;;
Instituto Politécnico do Porto - Escola Superior de Tecnologia e Gestão;http://maps.google.pt/maps?z=20&t=k&q=loc:41.36677+-8.194765;;
Universidade de Lisboa - Faculdade de Farmácia;http://maps.google.pt/maps?z=20&t=k&q=loc:38.74955+-9.157356;;
Universidade do Porto - Faculdade de Farmácia;http://maps.google.pt/maps?z=20&t=k&q=loc:41.14777+-8.624307;;
Universidade do Porto - Instituto de Ciências Biomédicas Abel Salazar;http://maps.google.pt/maps?z=20&t=k&q=loc:41.14777+-8.624307;;
 especialidade de Administração Aeronáutica;detcursopi.asp?codc=L206&code=7712;;
 Especialidade de Engenharia;detcursopi.asp?codc=L219&code=7712;;
 especialidade de Piloto Aviador;detcursopi.asp?codc=L289&code=7712;;
 ramo de Administração Naval;detcursopi.asp?codc=L201&code=7710;;
 ramo de Engenharia Naval;detcursopi.asp?codc=L216&code=7710;;
 ramo de Marinha e Fuzileiros;detcursopi.asp?codc=L325&code=7710;;
 no Ramo de Administração;detcursopi.asp?codc=L195&code=7711;;
 ramo Exército;detcursopi.asp?codc=L323&code=7711;;
 ramo Segurança;detcursopi.asp?codc=L324&code=7711;;
Universidade de Lisboa - Faculdade de Medicina;http://maps.google.pt/maps?z=20&t=k&q=loc:38.74874+-9.160639;;
Universidade Nova de Lisboa - Faculdade de Ciências Médicas;http://maps.google.pt/maps?z=20&t=k&q=loc:38.72019+-9.139704;;
Universidade do Porto - Faculdade de Ciências da Nutrição e da Alimentação;http://maps.google.pt/maps?z=20&t=k&q=loc:41.15291+-8.638251;;
Atlântica - Instituto Universitário;http://maps.google.pt/maps?z=20&t=k&q=loc:38.74141+-9.284575;;
Instituto Superior de Ciências Policiais e Segurança Interna;http://maps.google.pt/maps?z=20&t=k&q=loc:38.70389+-9.178889;;
Instituto Politécnico de Viseu - Escola Superior de Tecnologia e Gestão de Viseu;http://maps.google.pt/maps?z=20&t=k&q=loc:40.64449+-7.921137;;
Instituto Politécnico de Lisboa - Escola Superior de Teatro e Cinema;http://maps.google.pt/maps?z=20&t=k&q=loc:37.76357+-9.235246;;
Instituto Politécnico do Porto - Escola Superior de Media Artes e Design;http://maps.google.pt/maps?z=20&t=k&q=loc:41.36633+-8.739719;;
Instituto Politécnico de Tomar - Escola Superior de Tecnologia de Abrantes;http://maps.google.pt/maps?z=20&t=k&q=loc:39.46782+-8.207817;;
Instituto Superior de Ciências Empresariais e do Turismo;http://maps.google.pt/maps?z=20&t=k&q=loc:41.152+-8.617905;;
Instituto Politécnico de Lisboa - Instituto Superior de Contabilidade e Administração de Lisboa;http://maps.google.pt/maps?z=20&t=k&q=loc:38.73717+-9.146786;;
ISLA - Instituto Politécnico de Gestão e Tecnologia - Escola Superior de Tecnologia;http://maps.google.pt/maps?z=20&t=k&q=loc:41.12411+-8.614039;;
Instituto Superior Miguel Torga;http://maps.google.pt/maps?z=20&t=k&q=loc:40.21349+-8.41318;;
Instituto Politécnico de Leiria - Escola Superior de Educação e Ciências Sociais;http://maps.google.pt/maps?z=20&t=k&q=loc:39.73972+-8.811389;;
Universidade dos Açores - Faculdade de Ciências Sociais e Humanas;http://maps.google.pt/maps?z=20&t=k&q=loc:37.74605+-25.66378;;
Universidade Católica Portuguesa - Faculdade de Ciências Humanas;;;
 Cultura e Organizações;detcursopi.asp?codc=9720&code=1306;;
Instituto Politécnico de Tomar - Escola Superior de Tecnologia de Tomar;http://maps.google.pt/maps?z=20&t=k&q=loc:39.59896+-8.389722;;
Instituto Politécnico de Bragança - Escola Superior de Tecnologia e de Gestão de Bragança;http://maps.google.pt/maps?z=20&t=k&q=loc:41.79637+-6.7689;;
Instituto Politécnico do Cávado e do Ave - Escola Superior de Gestão;http://maps.google.pt/maps?z=20&t=k&q=loc:41.53448+-8.628122;;
Instituto Politécnico de Tomar - Escola Superior de Gestão de Tomar;http://maps.google.pt/maps?z=20&t=k&q=loc:39.59896+-8.389722;;
Universidade de Aveiro - Instituto Superior de Contabilidade e Administração de Aveiro;http://maps.google.pt/maps?z=20&t=k&q=loc:40.63046+-8.653306;;
Instituto Politécnico da Maia - Escola Superior de Tecnologia e Gestão;http://maps.google.pt/maps?z=20&t=k&q=loc:41.26783+-8.6172;;
Instituto Superior de Entre Douro e Vouga;http://maps.google.pt/maps?z=20&t=k&q=loc:40.92438+-8.544944;;
Instituto Superior Politécnico Gaya - Escola Superior de Ciências Empresariais;http://maps.google.pt/maps?z=20&t=k&q=loc:41.11968+-8.623498;;
Instituto Politécnico de Coimbra - Escola Superior de Tecnologia e Gestão de Oliveira do Hospital;http://maps.google.pt/maps?z=20&t=k&q=loc:40.36106+-7.861083;;
Instituto Politécnico de Setúbal - Escola Superior de Ciências Empresariais;http://maps.google.pt/maps?z=20&t=k&q=loc:38.52306+-8.841667;;
Instituto Politécnico de Santarém - Escola Superior de Gestão e Tecnologia de Santarém;http://maps.google.pt/maps?z=20&t=k&q=loc:39.22521+-8.690559;;
Instituto Politécnico de Viana do Castelo - Escola Superior de Ciências Empresariais;http://maps.google.pt/maps?z=20&t=k&q=loc:42.02595+-8.641592;;
Universidade do Porto - Faculdade de Direito;http://maps.google.pt/maps?z=20&t=k&q=loc:41.15236+-8.616284;;
Instituto Politécnico de Lisboa - Escola Superior de Dança;http://maps.google.pt/maps?z=20&t=k&q=loc:38.75568+-9.113923;;
ISCTE - Instituto Universitário de Lisboa (Sintra);http://maps.google.pt/maps?z=20&t=k&q=loc:38.80215+-9.382696;;
Instituto Politécnico de Viana do Castelo - Escola Superior de Tecnologia e Gestão;http://maps.google.pt/maps?z=20&t=k&q=loc:41.69424+-8.846658;;
Instituto Politécnico do Cávado e do Ave - Escola Superior de Design;http://maps.google.pt/maps?z=20&t=k&q=loc:41.53448+-8.628122;;
Instituto Politécnico de Castelo Branco - Escola Superior de Artes Aplicadas;http://maps.google.pt/maps?z=20&t=k&q=loc:38.81918+-7.455066;;
Instituto Politécnico de Bragança - Escola Superior de Comunicação, Administração e Turismo de Mirandela;http://maps.google.pt/maps?z=20&t=k&q=loc:41.47761+-7.178407;;
Instituto Politécnico do Cávado e do Ave - Escola Superior de Desporto, Bem-Estar e Sistemas Biomédicos;http://maps.google.pt/maps?z=20&t=k&q=loc:41.43946+-8.294934;;
Escola Superior de Educação de Fafe;http://maps.google.pt/maps?z=20&t=k&q=loc:41.46357+-8.153696;;
Instituto Politécnico Jean Piaget do Norte - Escola Superior de Desporto e Educação Jean Piaget de Vila Nova de Gaia;http://maps.google.pt/maps?z=20&t=k&q=loc:41.07755+-8.635221;;
Instituto Politécnico de Castelo Branco - Escola Superior de Educação de Castelo Branco;http://maps.google.pt/maps?z=20&t=k&q=loc:39.8191+-7.495828;;
 Condição Física e Bem-Estar;detcursopi.asp?codc=L174&code=4581;;
 Condição Física e Saúde;detcursopi.asp?codc=L034&code=3091;;
 Condição Física e Saúde;detcursopi.asp?codc=L034&code=3145;;
Instituto Politécnico de Leiria - Escola Superior de Saúde;http://maps.google.pt/maps?z=20&t=k&q=loc:39.73278+-8.820556;;
Instituto Politécnico Jean Piaget do Norte - Escola Superior de Saúde Jean Piaget de Vila Nova de Gaia;http://maps.google.pt/maps?z=20&t=k&q=loc:41.07755+-8.635221;;
Instituto Politécnico Jean Piaget do Sul - Escola Superior de Saúde Jean Piaget de Almada;http://maps.google.pt/maps?z=20&t=k&q=loc:38.6664+-9.1769;;
ISAVE - Instituto Superior de Saúde;http://maps.google.pt/maps?z=20&t=k&q=loc:41.63487+-8.350614;;
Escola Superior de Hotelaria e Turismo do Estoril;http://maps.google.pt/maps?z=20&t=k&q=loc:38.71722+-9.391944;;
Instituto Politécnico de Bragança - Escola Superior de Hotelaria e Bem-Estar;http://maps.google.pt/maps?z=20&t=k&q=loc:41.74203+-7.470944;;
Universidade da Madeira - Escola Superior de Tecnologias e Gestão;http://maps.google.pt/maps?z=20&t=k&q=loc:32.65945+-16.92655;;
Universidade de Lisboa - Faculdade de Direito;http://maps.google.pt/maps?z=20&t=k&q=loc:38.75244+-9.157061;;
Universidade Nova de Lisboa - Faculdade de Direito;http://maps.google.pt/maps?z=20&t=k&q=loc:38.73254+-9.160769;;
Universidade Católica Portuguesa - Faculdade de Direito;;;
Universidade Católica Portuguesa - Faculdade de Direito (Porto);http://maps.google.pt/maps?z=20&t=k&q=loc:41.15398+-8.673013;;
Universidade dos Açores - Faculdade de Economia e Gestão;http://maps.google.pt/maps?z=20&t=k&q=loc:37.74605+-25.66378;;
Universidade do Algarve - Faculdade de Economia;http://maps.google.pt/maps?z=20&t=k&q=loc:37.04408+-7.972222;;
Universidade de Coimbra - Faculdade de Economia;http://maps.google.pt/maps?z=20&t=k&q=loc:40.2147+-8.408988;;
Universidade de Lisboa - Instituto Superior de Economia e Gestão;http://maps.google.pt/maps?z=20&t=k&q=loc:38.70972+-9.155651;;
Universidade Nova de Lisboa - Faculdade de Economia;http://maps.google.pt/maps?z=20&t=k&q=loc:38.6793+-9.325741;;
Universidade do Porto - Faculdade de Economia;http://maps.google.pt/maps?z=20&t=k&q=loc:41.17595+-8.598582;;
Universidade Católica Portuguesa - Faculdade de Economia e Gestão;http://maps.google.pt/maps?z=20&t=k&q=loc:41.15398+-8.673013;;
Instituto Politécnico de Santarém - Escola Superior de Educação de Santarém;http://maps.google.pt/maps?z=20&t=k&q=loc:39.22225+-8.688641;;
Instituto Politécnico de Portalegre - Escola Superior de Educação e Ciências Sociais;http://maps.google.pt/maps?z=20&t=k&q=loc:39.28958+-7.429967;;
Escola Superior de Educação de João de Deus;http://maps.google.pt/maps?z=20&t=k&q=loc:38.71589+-9.158396;;
Escola Superior de Educação de Paula Frassinetti;http://maps.google.pt/maps?z=20&t=k&q=loc:41.16028+-8.6025;;
Instituto Politécnico Jean Piaget do Sul - Escola Superior de Educação Jean Piaget de Almada;http://maps.google.pt/maps?z=20&t=k&q=loc:39.61613+-9.17839;;
Instituto Politécnico da Lusofonia - Escola Superior de Educação da Lusofonia;http://maps.google.pt/maps?z=20&t=k&q=loc:38.74674+-9.100184;;
Instituto Superior de Estudos Interculturais e Transdisciplinares de Almada;http://maps.google.pt/maps?z=20&t=k&q=loc:38.6664+-9.1769;;
Universidade de Lisboa - Instituto de Educação;http://maps.google.pt/maps?z=20&t=k&q=loc:38.75282+-9.155494;;
Instituto Politécnico da Maia - Escola Superior de Ciências Sociais, Educação e Desporto;http://maps.google.pt/maps?z=20&t=k&q=loc:41.26783+-8.6172;;
Instituto Superior de Ciências da Informação e da Administração;http://maps.google.pt/maps?z=20&t=k&q=loc:40.63694+-8.6325;;
Universidade de Aveiro - Escola Superior de Tecnologia e Gestão de Águeda;http://maps.google.pt/maps?z=20&t=k&q=loc:40.57429+-8.444219;;
Escola Superior de Enfermagem de Lisboa;http://maps.google.pt/maps?z=20&t=k&q=loc:38.75698+-9.14607;;
Instituto Politécnico de Beja - Escola Superior de Saúde;http://maps.google.pt/maps?z=20&t=k&q=loc:38.01457+-7.875266;;
Instituto Politécnico de Portalegre - Escola Superior de Saúde;http://maps.google.pt/maps?z=20&t=k&q=loc:39.30038+-7.425994;;
Instituto Politécnico de Santarém - Escola Superior de Saúde de Santarém;http://maps.google.pt/maps?z=20&t=k&q=loc:39.24598+-8.701129;;
Instituto Politécnico de Setúbal - Escola Superior de Saúde;http://maps.google.pt/maps?z=20&t=k&q=loc:38.52306+-8.841667;;
Instituto Politécnico de Viana do Castelo - Escola Superior de Saúde;http://maps.google.pt/maps?z=20&t=k&q=loc:41.69738+-8.834974;;
Instituto Politécnico de Viseu - Escola Superior de Saúde de Viseu;http://maps.google.pt/maps?z=20&t=k&q=loc:40.65262+-7.905071;;
Universidade dos Açores - Escola Superior de Saúde - Angra do Heroísmo;http://maps.google.pt/maps?z=20&t=k&q=loc:38.6585+-27.234;;
Universidade dos Açores - Escola Superior de Saúde - Ponta Delgada;http://maps.google.pt/maps?z=20&t=k&q=loc:37.74654+-25.66221;;
Universidade de Aveiro - Escola Superior de Saúde de Aveiro;http://maps.google.pt/maps?z=20&t=k&q=loc:40.62451+-8.659866;;
Universidade de Coimbra - Escola Superior de Enfermagem;http://maps.google.pt/maps?z=20&t=k&q=loc:40.21857+-8.409519;;
Universidade de Évora - Escola Superior de Enfermagem de São João de Deus;http://maps.google.pt/maps?z=20&t=k&q=loc:38.56826+-7.902039;;
Universidade da Madeira - Escola Superior de Saúde;http://maps.google.pt/maps?z=20&t=k&q=loc:32.65945+-16.92655;;
Universidade do Minho - Escola Superior de Enfermagem;http://maps.google.pt/maps?z=20&t=k&q=loc:41.33338+-8.23543;;
Universidade do Porto - Escola Superior de Enfermagem;http://maps.google.pt/maps?z=20&t=k&q=loc:41.18211+-8.603922;;
Universidade de Trás-os-Montes e Alto Douro - Escola Superior de Saúde;http://maps.google.pt/maps?z=20&t=k&q=loc:41.28739+-7.738986;;
Escola Superior de Enfermagem São Francisco das Misericórdias;http://maps.google.pt/maps?z=20&t=k&q=loc:38.72448+-9.146054;;
Escola Superior de Enfermagem de São José de Cluny;http://maps.google.pt/maps?z=20&t=k&q=loc:32.66711+-16.90464;;
Escola Superior de Saúde Atlântica;http://maps.google.pt/maps?z=20&t=k&q=loc:38.74141+-9.284575;;
Escola Superior de Saúde Cruz Vermelha Portuguesa - Alto Tâmega;http://maps.google.pt/maps?z=20&t=k&q=loc:41.7811+-7.447647;;
Escola Superior de Saúde Jean Piaget de Viseu;http://maps.google.pt/maps?z=20&t=k&q=loc:40.73678+-7.939917;;
Escola Superior de Saúde Norte da Cruz Vermelha Portuguesa;http://maps.google.pt/maps?z=20&t=k&q=loc:40.83691+-8.472358;;
Escola Superior de Saúde de Santa Maria;http://maps.google.pt/maps?z=20&t=k&q=loc:41.16033+-8.609315;;
Instituto Politécnico Jean Piaget do Sul - Escola Superior de Saúde Jean Piaget do Algarve;http://maps.google.pt/maps?z=20&t=k&q=loc:37.1964+-8.4336;;
Instituto Politécnico de Saúde do Norte - CESPU - Escola Superior de Enfermagem do Tâmega e Sousa;http://maps.google.pt/maps?z=20&t=k&q=loc:41.20715+-8.283265;;
Instituto Politécnico de Saúde do Norte - CESPU - Escola Superior de Saúde do Vale do Ave;http://maps.google.pt/maps?z=20&t=k&q=loc:41.40671+-8.515314;;
Universidade Católica Portuguesa - Escola de Enfermagem (Lisboa);;;
Universidade Católica Portuguesa - Escola de Enfermagem (Porto);http://maps.google.pt/maps?z=20&t=k&q=loc:41.15398+-8.673013;;
Instituto Politécnico da Lusofonia - Escola Superior de Saúde, Proteção e Bem-Estar Animal;http://maps.google.pt/maps?z=20&t=k&q=loc:38.74674+-9.100184;;
Instituto Politécnico de Saúde do Norte - CESPU - Escola Superior de Tecnologias da Saúde do Tâmega e Sousa;http://maps.google.pt/maps?z=20&t=k&q=loc:41.18351+-8.445928;;
 Controlo e Instrumentação;detcursopi.asp?codc=9092&code=3152;;
Instituto Politécnico de Lisboa - Instituto Superior de Engenharia de Lisboa;http://maps.google.pt/maps?z=20&t=k&q=loc:38.75568+-9.113923;;
Instituto Politécnico de Castelo Branco - Escola Superior de Tecnologia de Castelo Branco;http://maps.google.pt/maps?z=20&t=k&q=loc:39.81956+-7.511883;;
Universidade do Algarve - Instituto Superior de Engenharia;http://maps.google.pt/maps?z=20&t=k&q=loc:37.03847+-7.922417;;
Escola Superior de Actividades Imobiliárias;http://maps.google.pt/maps?z=20&t=k&q=loc:38.74368+-9.113525;;
Instituto Superior D. Dinis;http://maps.google.pt/maps?z=20&t=k&q=loc:39.74083+-8.92663;;
Universidade de Lisboa - Instituto Superior Técnico (Tagus Park);http://maps.google.pt/maps?z=20&t=k&q=loc:38.73723+-9.302337;;
Instituto Superior Politécnico Gaya - Escola Superior de Ciência e Tecnologia;http://maps.google.pt/maps?z=20&t=k&q=loc:41.11968+-8.623498;;
Instituto Politécnico do Cávado e do Ave - Escola Superior de Tecnologia;http://maps.google.pt/maps?z=20&t=k&q=loc:41.53448+-8.628122;;
Instituto Politécnico de Setúbal - Escola Superior de Tecnologia de Setúbal;http://maps.google.pt/maps?z=20&t=k&q=loc:38.52167+-8.839167;;
Escola Superior Náutica Infante D. Henrique;http://maps.google.pt/maps?z=20&t=k&q=loc:38.69206+-9.298875;;
Instituto Universitário Militar - Academia Militar;http://maps.google.pt/maps?z=20&t=k&q=loc:38.72643+-9.140553;;
Instituto Politécnico de Beja - Escola Superior de Tecnologia e de Gestão;http://maps.google.pt/maps?z=20&t=k&q=loc:38.01572+-7.875266;;
Instituto Politécnico Jean Piaget do Sul - Escola Superior de Tecnologia e Gestão Jean Piaget;http://maps.google.pt/maps?z=20&t=k&q=loc:38.6664+-9.1769;;
Instituto Superior de Tecnologias Avançadas de Lisboa;http://maps.google.pt/maps?z=20&t=k&q=loc:38.76894+-9.15895;;
Instituto Superior de Tecnologias Avançadas do Porto;http://maps.google.pt/maps?z=20&t=k&q=loc:41.16667+-8.593643;;
ISLA Santarém - Instituto Politécnico - Escola Superior de Engenharia e Tecnologia;;;
 Redes e Telecomunicações;detcursopi.asp?codc=L119&code=3118;;
Instituto Politécnico de Viseu - Escola Superior de Tecnologia e Gestão de Lamego;http://maps.google.pt/maps?z=20&t=k&q=loc:41.09662+-7.808191;;
 Política e Economia;detcursopi.asp?codc=L198&code=2220;;
Instituto Politécnico de Bragança - Escola Superior de Saúde de Bragança (Chaves);;;
Escola Superior de Saúde do Alcoitão;http://maps.google.pt/maps?z=20&t=k&q=loc:38.73198+-9.40119;http://maps.google.pt/maps?z=20&t=k&q=loc:38.83759+-9.342421;
Universidade de Lisboa - Instituto de Geografia e Ordenamento do Território;http://maps.google.pt/maps?z=20&t=k&q=loc:38.74934+-9.15258;http://maps.google.pt/maps?z=20&t=k&q=loc:38.83759+-9.342421;
Instituto Superior de Serviço Social do Porto;http://maps.google.pt/maps?z=20&t=k&q=loc:41.18272+-8.652955;http://maps.google.pt/maps?z=20&t=k&q=loc:38.83759+-9.342421;
Universidade do Algarve - Escola Superior de Gestão, Hotelaria e Turismo;http://maps.google.pt/maps?z=20&t=k&q=loc:37.02928+-7.923611;http://maps.google.pt/maps?z=20&t=k&q=loc:38.66245+-9.147213;
Universidade do Algarve - Escola Superior de Gestão, Hotelaria e Turismo (Portimão);http://maps.google.pt/maps?z=20&t=k&q=loc:37.14364+-8.536417;http://maps.google.pt/maps?z=20&t=k&q=loc:38.66245+-9.147213;
Instituto Superior de Gestão;http://maps.google.pt/maps?z=20&t=k&q=loc:38.75053+-9.185107;http://maps.google.pt/maps?z=20&t=k&q=loc:38.66245+-9.147213;
Universidade Católica Portuguesa - Instituto de Gestão e das Organizações da Saúde;;http://maps.google.pt/maps?z=20&t=k&q=loc:38.72643+-9.140553;
Escola Superior de Tecnologias de Fafe;http://maps.google.pt/maps?z=20&t=k&q=loc:41.46357+-8.153696;http://maps.google.pt/maps?z=20&t=k&q=loc:38.72643+-9.140553;
Instituto Superior de Administração e Gestão;http://maps.google.pt/maps?z=20&t=k&q=loc:41.15463+-8.644514;http://maps.google.pt/maps?z=20&t=k&q=loc:38.72643+-9.140553;
Instituto Politécnico do Porto - Escola Superior de Hotelaria e Turismo;http://maps.google.pt/maps?z=20&t=k&q=loc:41.36633+-8.739719;;
Instituto Politécnico do Cávado e do Ave - Escola Superior de Hotelaria e Turismo;http://maps.google.pt/maps?z=20&t=k&q=loc:41.53448+-8.628122;;
Instituto Politécnico da Lusofonia - Escola Superior de Ciências da Administração;http://maps.google.pt/maps?z=20&t=k&q=loc:38.74674+-9.100184;;
ISLA Santarém - Instituto Politécnico - Escola Superior de Gestão;;;
Instituto Superior de Administração e Línguas;http://maps.google.pt/maps?z=20&t=k&q=loc:32.6557+-16.91028;;
ISLA - Instituto Politécnico de Gestão e Tecnologia - Escola Superior de Gestão;http://maps.google.pt/maps?z=20&t=k&q=loc:41.12411+-8.614039;;
Instituto Politécnico da Guarda - Escola Superior de Turismo e Hotelaria;http://maps.google.pt/maps?z=20&t=k&q=loc:40.42886+-7.703182;;
Instituto Português de Administração de Marketing de Lisboa;http://maps.google.pt/maps?z=20&t=k&q=loc:38.76037+-9.193671;;
Instituto Português de Administração de Marketing do Porto;http://maps.google.pt/maps?z=20&t=k&q=loc:41.17588+-8.64978;;
Escola Superior de Negócios Atlântico;http://maps.google.pt/maps?z=20&t=k&q=loc:41.08563+-8.651342;;
 ensino em Inglês);detcursopi.asp?codc=A004&code=3043;;
 Emergência e Protecção Civil;detcursopi.asp?codc=L200&code=2710;;
 Cultural e Patrimonial;detcursopi.asp?codc=9179&code=3186;;
Universidade de Lisboa - Faculdade de Medicina Dentária;http://maps.google.pt/maps?z=20&t=k&q=loc:38.74921+-9.15499;;
Instituto Politécnico da Lusofonia - Escola Superior de Comunicação, Inovação e Artes;http://maps.google.pt/maps?z=20&t=k&q=loc:38.74674+-9.100184;;
 Móvel e na Nuvem;detcursopi.asp?codc=L303&code=0400;;
 Literaturas e Culturas;detcursopi.asp?codc=9204&code=0201;;
 Literaturas e Culturas;detcursopi.asp?codc=9204&code=0300;;
 Literaturas e Culturas;detcursopi.asp?codc=9204&code=1506;;
 Literaturas e Culturas;detcursopi.asp?codc=9204&code=0902;;
 Literaturas e Culturas;detcursopi.asp?codc=9204&code=1107;;
 Literaturas e Culturas;detcursopi.asp?codc=9204&code=1202;;
 Publicidade e Relações Públicas;detcursopi.asp?codc=9208&code=4283;;
Universidade de Coimbra - Faculdade de Medicina;http://maps.google.pt/maps?z=20&t=k&q=loc:40.21902+-8.416386;;
Universidade do Porto - Faculdade de Medicina;http://maps.google.pt/maps?z=20&t=k&q=loc:41.18273+-8.600299;;
Universidade Católica Portuguesa - Faculdade de Medicina;http://maps.google.pt/maps?z=20&t=k&q=loc:38.7513+-9.312444;;
Universidade do Porto - Faculdade de Medicina Dentária;http://maps.google.pt/maps?z=20&t=k&q=loc:41.17414+-8.603376;;
Universidade de Lisboa - Faculdade de Medicina Veterinária;http://maps.google.pt/maps?z=20&t=k&q=loc:38.71408+-9.195294;;
 Oceanografia e Clima;detcursopi.asp?codc=L298&code=0300;;
 Oceanografia e Geofísica;detcursopi.asp?codc=9212&code=1503;;
Instituto Politécnico de Lisboa;http://maps.google.pt/maps?z=20&t=k&q=loc:39.00361+-9.349444;;
 variante de Composição;Instituto Politécnico de Lisboa - Escola Superior de Música;;
 variante de Formação Musical;Instituto Politécnico de Castelo Branco - Escola Superior de Artes Aplicadas;;
 variante de Instrumento;detcursopi.asp?codc=9784&code=3055;;
 variante de Instrumento e Canto;detcursopi.asp?codc=L240&code=3132;;
 variante de Música Eletrónica e Produção Musical;detcursopi.asp?codc=9816&code=3055;;
 variante de Canto;detcursopi.asp?codc=9836&code=3055;;
 variante de Composição;detcursopi.asp?codc=9837&code=3132;;
 variante de Execução;detcursopi.asp?codc=9782&code=3114;;
 variante de Jazz;detcursopi.asp?codc=9838&code=3132;;
 variante de Jazz (regime pós-laboral);detcursopi.asp?codc=8343&code=3114;;
 variante de Música Antiga;detcursopi.asp?codc=9839&code=3132;;
 variante de Produção e Tecnologias da Música;detcursopi.asp?codc=9840&code=3132;;
 Economia e Sociedade;detcursopi.asp?codc=L274&code=6810;;
Universidade de Lisboa - Faculdade de Psicologia;http://maps.google.pt/maps?z=20&t=k&q=loc:38.75282+-9.155494;;
Instituto Superior de Estudos Interculturais e Transdisciplinares de Viseu;http://maps.google.pt/maps?z=20&t=k&q=loc:40.44123+-7.56216;;
Universidade Católica Portuguesa - Faculdade de Educação e Psicologia;http://maps.google.pt/maps?z=20&t=k&q=loc:41.15398+-8.673013;;
 variante de Cenografia;detcursopi.asp?codc=8026&code=3132;;
 variante Direção de Cena e Produção;detcursopi.asp?codc=L241&code=3132;;
 variante de Figurino;detcursopi.asp?codc=8027&code=3132;;
 variante Luz;detcursopi.asp?codc=A015&code=3132;http://maps.google.pt/maps?z=20&t=k&q=loc:32.65928+-16.9251;
 variante Som;detcursopi.asp?codc=A016&code=3132;;
 variante de Interpretação;detcursopi.asp?codc=9842&code=3132;;
 Edifícios e Construção Sustentável;detcursopi.asp?codc=L311&code=6810;;
 Web e Multimédia;detcursopi.asp?codc=L137&code=4582;;
Instituto Universitário Militar - Escola Naval;http://maps.google.pt/maps?z=20&t=k&q=loc:38.66245+-9.147213;;
Instituto Politécnico de Lisboa - Escola Superior de Música;http://maps.google.pt/maps?z=20&t=k&q=loc:38.74691+-9.196713;;
Universidade Católica Portuguesa - Faculdade de Teologia;;;
 Território e Patrimónios;detcursopi.asp?codc=L109&code=0505;;
;;;
;;;
;;;
;;;
;;;
;;;
;;;
;;;
;;;
;;;
;;;
;;;
;;;
;;;
;;;
;;;
;;;
;;;
;;;
;;;
;;;
;;;
;;;
;;;
;;;
;;;
;;;
;;;
;;;
;;;
;;;
;;;
;;;
;;;
;;;
;;;
;;;
;;;
;;;
;;;
;;;
;;;
;;;
;;;
;;;
;;;
;;;
;;;
;;;
;;;
;;;
;;;
;;;
;;;
;;;
;;;
;;;
;;;
;;;
;;;
;;;
;;;
;;;
;;;
;;;
;;;
;;;
;;;
;;;
;;;
;;;
;;;
;;;
;;;
;;;
;;;
;;;
;;;
;;;
;;;
;;;
;;;
;;;
;;;
;;;
;;;
;;;
;;;
;;;
;;;
;;;
;;;
;;;
;;;
;;;
;;;
;;;
;;http://maps.google.pt/maps?z=20&t=k&q=loc:41.26783+-8.6172;
;;http://maps.google.pt/maps?z=20&t=k&q=loc:40.54139+-7.28329;
;;http://maps.google.pt/maps?z=20&t=k&q=loc:39.345+-8.933;
;;;
;;;
;;;
;;;
;;;
;;;
;;;
;;;
;;;
;;;
;;;
;;;
;;;
;;;
;;;
;;;
;;;
;;;
;;;
;;;
;;;
;;;
;;;
;;;
;;;
;;;
;;;
;;;
;;;
;;;
;;;
;;;
;;;
;;;
;;;
;;;
;;;
;;;
;;;
;;;
;;;
;;;
;;;
;;;
;;;
;;;
;;;
;;;
;;;
;;;
;;;
;;;
;;;
;;;
;;;
;;;
;;;
;;;
;;;
;;;
;;;
;;;
;;;
;;;
;;;
;;;
;;;
;;;
;;;
;;;
;;;
;;;
;;;
;;;
;;;
;;;
;;;
;;;
;;;
;;;
;;;
;;;
;;;
;;;
;;;
;;;
;;;
;;;
;;;
;;;
;;;
;;;
;;;
;;;
;;;
;;;
;;;
;;;
;;;
;;;
;;;
;;;
;;;
;;;
;;;
;;;
;;;
;;;
;;;
;;;
;;;
;;;
;;;
;;;
;;;
;;;
;;;
;;;
;;;
;;;
;;;
;;;
;;;
;;;
;;;
;;;
;;;
;;;
;;;
;;;
;;;
;;;
;;;
;;;
;;;
;;;
;;;
;;;
;;;
;;;
;;;
;;;
;;;
;;;
;;;
;;;
;;;
;;;
;;;
;;;
;;;
;;;
;;;
;;;
;;;
;;;
;;;
;;;
;;;
;;;
;;;
;;;
;;;
;;;
;;;
;;;
;;;
;;;
;;;
;;;
;;;
;;;
;;;
;;;
;;;
;;;
;;;
;;;
;;;
;;;
;;;
;;;
;;;
;;;
;;;
;;;
;;;
;;;
;;;
;;http://maps.google.pt/maps?z=20&t=k&q=loc:38.52167+-8.839167;
;;;
;;;
;;;
;;;
;;;
;;;
;;;
;;;
;;;
;;;
;;;
;;;
;;;
;;;
;;;
;;;
;;;
;;;
;;;
;;;
;;;
;;;
;;;
;;;
;;;
;;;
;;;
;;;
;;;
;;;
;;;
;;;
;;;
;;;
;;;
;;;
;;;
;;;
;;;
;;;
;;;
;;;
;;;
;;;
;;;
;;;
;;;
;;;
;;;
;;;
;;;
;;;
;;;
;;;
;;;
;;;
;;;
;;;
;;;
;;;
;;;
;;;
;;;
;;;
;;;
;;;
;;;
;;;
;;;
;;;
;;;
;;;
;;;
;;;
;;;
;;;
;;;
;;;
;;;
;;;
;;;
;;;
;;;
;;;
;;;
;;;
;;;
;;;
;;;
;;;
;;;
;;;
;;;
;;;
;;;
;;;
;;;
;;;
;;;
;;;
;;;
;;;
;;;
;;;
;;;
;;;
;;;
;;;
;;;
;;;
;;;
;;;
;;;
;;;
;;;
;;;
;;;
;;;
;;;
;;;
;;;
;;;
;;;
;;;
;;;
;;;
;;;
;;;
;;;
;;;
;;;
;;;
;;;
;;;
;;;
;;;
;;;
;;;
;;;
;;;
;;;
;;;
;;;
;;;
;;;
;;;
;;;
;;;
;;;
;;;
;;;
;;;
;;;
;;;
;;;
;;;
;;;
;;;
;;;
;;;
;;http://maps.google.pt/maps?z=20&t=k&q=loc:38.75568+-9.113923;
;;;
;;;
;;;
;;;
;;;
;;;
;;;
;;;
;;;
;;;
;;;
;;;
;;;
;;;
;;;
;;;
;;;
;;;
;;;
;;;
;;;
;;;
;;;
;;;
;;;
;;;
;;;
;;;
;;;
;;;
;;;
;;;
;;;
;;;
;;;
;;;
;;;
;;;
;;;
;;;
;;;
;;;
;;;
;;;
;;;
;;;
;;;
;;;
;;;
;;;
;;;
;;;
;;;
;;;
;;;
;;;
;;;
;;;
;;;
;;;
;;;
;;;
;;;
;;;
;;;
;;;
;;;
;;;
;;;
;;;
;;;
;;;
;;;
;;;
;;;
;;;
;;;
;;;
;;;
;;;
;;;
;;;
;;;
;;;
;;;
;;;
;;;
;;;
;;;
;;;
;;;
;;;
;;;
;;;
;;;
;;;
;;;
;;;
;;;
;;;
;;;
;;;
;;;
;;;
;;;
;;;
;;;
;;;
;;;
;;;
;;;
;;;
;;;
;;;
;;;
;;;
;;;
;;;
;;;
;;;
;;;
;;;
;;;
;;;
;;;
;;;
;;;
;;;
;;;
;;;
;;;
;;;
;;;
;;;
;;;
;;;
;;;
;;;
;;;
;;;
;;;
;;;
;;;
;;;
;;;
;;;
;;;
;;;
;;;
;;;
;;;
;;;
;;;
;;;
;;;
;;;
;;;
;;;
;;;
;;;
;;;
;;;
;;;
;;;
;;;
;;;
;;;
;;;
;;;
;;;
;;;
;;;
;;;
;;;
;;;
;;;
;;;
;;;
;;;
;;;
;;;
;;;
;;;
;;;
;;;
;;;
;;;
;;;
;;;
;;;
;;;
;;;
;;;
;;;
;;;
;;;
;;;
;;;
;;;
;;;
;;;
;;;
;;;
;;;
;;;
;;;
;;;
;;;
;;;
;;;
;;;
;;;
;;;
;;;
;;;
;;;
;;;
;;;
;;;
;;;
;;;
;;;
;;;
;;;
;;;
;;;
;;;
;;;
;;;
;;;
;;;
;;;
;;;
;;;
;;;
;;;
;;;
;;;
;;;
;;;
;;;
;;;
;;;
;;;
;;;
;;;
;;;
;;;
;;;
;;;
;;;
;;;
;;;
;;;
;;;
;;;
;;;
;;;
;;;
;;;
;;;
;;;
;;;
;;;
;;;
;;;
;;;
;;;
;;;
;;;
;;;
;;;
;;;
;;;
;;;
;;;
;;;
;;;
;;;
;;;
;;;
;;;
;;;
;;;
;;;
;;;
;;;
;;;
;;;
;;;
;;;
;;;
;;;
;;;
;;;
;;;
;;;
;;;
;;;
;;;
;;;
;;;
;;;
;;;
;;;
;;http://maps.google.pt/maps?z=20&t=k&q=loc:41.79637+-6.7689;
;;;
;;;
;;;
;;;
;;;
;;;
;;;
;;;
;;;
;;;
;;;
;;;
;;;
;;;
;;;
;;;
;;;
;;;
;;;
;;;
;;;
;;;
;;;
;;;
;;;
;;;
;;;
;;;
;;;
;;;
;;;
;;;
;;;
;;;
;;;
;;http://maps.google.pt/maps?z=20&t=k&q=loc:38.74141+-9.284575;
;;;
;;;
;;;
;;;
;;;
;;;
;;;
;;;
;;;
;;;
;;;
;;;
;;;
;;;
;;;
;;;
;;http://maps.google.pt/maps?z=20&t=k&q=loc:41.09662+-7.808191;
;;;
;;;
;;;
;;;
;;;
;;;
;;;
;;;
;;;
;;;
;;;
;;;
;;;
;;;
;;;
;;;
;;;
;;;
;;;
;;;
;;;
;;;
;;;
;;;
;;;
;;;
;;;
;;;
;;;
;;;
;;;
;;;
;;;
;;;
;;;
;;;
;;;
;;;
;;;
;;;
;;;
;;;
;;;
;;;
;;http://maps.google.pt/maps?z=20&t=k&q=loc:40.27736+-7.508574;
;;;
;;;
;;;
;;;
;;;
;;;
;;;
;;;
;;;
;;;
;;;
;;;
;;;
;;;
;;;
;;;
;;;
;;;
;;;
;;;
;;;
;;;
;;;
;;;
;;;
;;;
;;;
;;http://maps.google.pt/maps?z=20&t=k&q=loc:37.04408+-7.972222;
;;http://maps.google.pt/maps?z=20&t=k&q=loc:40.63118+-8.657394;
;;http://maps.google.pt/maps?z=20&t=k&q=loc:38.75359+-9.157651;
;;http://maps.google.pt/maps?z=20&t=k&q=loc:38.74025+-9.151129;
;;http://maps.google.pt/maps?z=20&t=k&q=loc:41.15155+-8.63262;
;;http://maps.google.pt/maps?z=20&t=k&q=loc:41.28739+-7.738986;
;;;
;;;
;;;
;;;
;;;
;;;
;;;
;;;
;;;
;;;
;;;
;;;
;;;
;;;
;;;
;;;
;;;
;;;
;;;
;;;
;;;
;;;
;;;
;;;
;;http://maps.google.pt/maps?z=20&t=k&q=loc:40.92438+-8.544944;
;;;
;;;
;;;
;;;
;;;
;;;
;;;
;;;
;;;
;;;
;;;
;;;
;;;
;;;
;;;
;;;
;;;
;;;
;;;
;;;
;;;
;;;
;;;
;;;
;;;
;;;
;;;
;;;
;;;
;;;
;;;
;;;
;;;
;;;
;;;
;;;
;;;
;;;
;;;
;;;
;;;
;;;
;;;
;;;
;;;
;;;
;;;
;;;
;;http://maps.google.pt/maps?z=20&t=k&q=loc:40.63118+-8.657394;
;;http://maps.google.pt/maps?z=20&t=k&q=loc:38.75676+-9.155387;
;;;
;;;
;;;
;;;
;;;
;;;
;;;
;;;
;;;
;;;
;;;
;;;
;;detcursopi.asp?codc=L012&code=3114;http://maps.google.pt/maps?z=20&t=k&q=loc:38.74691+-9.196713
;;detcursopi.asp?codc=L184&code=3055;http://maps.google.pt/maps?z=20&t=k&q=loc:38.81918+-7.455066
;;http://maps.google.pt/maps?z=20&t=k&q=loc:38.81918+-7.455066;
;;http://maps.google.pt/maps?z=20&t=k&q=loc:41.15432+-8.603181;
;;http://maps.google.pt/maps?z=20&t=k&q=loc:38.81918+-7.455066;
;;http://maps.google.pt/maps?z=20&t=k&q=loc:38.81918+-7.455066;
;;http://maps.google.pt/maps?z=20&t=k&q=loc:41.15432+-8.603181;
;;http://maps.google.pt/maps?z=20&t=k&q=loc:38.74691+-9.196713;
;;http://maps.google.pt/maps?z=20&t=k&q=loc:41.15432+-8.603181;
;;http://maps.google.pt/maps?z=20&t=k&q=loc:38.74691+-9.196713;
;;http://maps.google.pt/maps?z=20&t=k&q=loc:41.15432+-8.603181;
;;http://maps.google.pt/maps?z=20&t=k&q=loc:41.15432+-8.603181;
;;;
;;;
;;;
;;;
;;;
;;;
;;;
;;;
;;;
;;;
;;;
;;;
;;;
;;;
;;;
;;;
;;;
;;;
;;;
;;;
;;;
;;;
;;;
;;;
;;;
;;;
;;http://maps.google.pt/maps?z=20&t=k&q=loc:38.80215+-9.382696;
;;;
;;;
;;;
;;;
;;;
;;;
;;;
;;;
;;;
;;;
;;;
;;;
;;;
;;;
;;;
;;;
;;;
;;;
;;;
;;;
;;;
;;;
;;;
;;;
;;;
;;;
;;;
;;;
;;;
;;;
;;;
;;;
;;;
;;;
;;;
;;;
;;;
;;;
;;;
;;;
;;;
;;;
;;;
;;;
;;;
;;;
;;;
;;;
;;;
;;;
;;;
;;;
;;;
;;;
;;;
;;;
;;;
;;;
;;;
;;;
;;;
;;;
;;;
;;;
;;;
;;;
;;;
;;;
;;;
;;;
;;;
;;;
;;;
;;;
;;;
;;;
;;;
;;;
;;;
;;;
;;;
;;;
;;;
;;;
;;;
;;;
;;;
;;;
;;;
;;;
;;;
;;;
;;;
;;;
;;;
;;;
;;;
;;;
;;;
;;;
;;;
;;;
;;;
;;;
;;;
;;;
;;;
;;;
;;;
;;;
;;;
;;;
;;;
;;;
;;;
;;;
;;;
;;;
;;;
;;;
;;;
;;;
;;;
;;;
;;;
;;;
;;;
;;;
;;;
;;;
;;;
;;;
;;;
;;;
;;;
;;;
;;;
;;;
;;;
;;;
;;;
;;;
;;;
;;;
;;;
;;;
;;;
;;;
;;;
;;;
;;http://maps.google.pt/maps?z=20&t=k&q=loc:41.15432+-8.603181;
;;http://maps.google.pt/maps?z=20&t=k&q=loc:41.15432+-8.603181;
;;http://maps.google.pt/maps?z=20&t=k&q=loc:41.15432+-8.603181;
;;http://maps.google.pt/maps?z=20&t=k&q=loc:41.15432+-8.603181;
;;http://maps.google.pt/maps?z=20&t=k&q=loc:41.15432+-8.603181;
;;http://maps.google.pt/maps?z=20&t=k&q=loc:41.15432+-8.603181;
;;;
;;;
;;;
;;;
;;;
;;;
;;;
;;;
;;;
;;;
;;;
;;;
;;;
;;;
;;;
;;;
;;http://maps.google.pt/maps?z=20&t=k&q=loc:38.80215+-9.382696;
;;;
;;;
;;;
;;;
;;;
;;;
;;;
;;;
;;;
;;http://maps.google.pt/maps?z=20&t=k&q=loc:41.26783+-8.6172;
;;;
;;;
;;;
;;;
;;;
;;;
;;;
;;;
;;;
;;;
;;;
;;;
;;;
;;;
;;;
;;;
;;;
;;;
;;;
;;;
;;;
;;;
;;;
;;;
;;;
;;;
;;;
;;;
;;;
;;;
;;;
;;;
;;;
;;;
;;;
;;;
;;;
;;;
;;;
;;;
;;;
;;;
;;;
;;;
;;;
;;;
;;;
;;;
;;;
;;;
;;;
;;;
;;http://maps.google.pt/maps?z=20&t=k&q=loc:40.20647+-8.428684;
